query	target	evalue	pident	bitscore	qlen	qstart	qend	slen	sstart	send	qcov	scov	bidir_cov_min	reaches_end	q_specificity	s_specificity	q_source	s_source	specificity_match	source_pair	pident_frac
617_77	KPN_B2_PHAGE139_M_PROTEIN_9	0.0	100.0	2604.0	1258	1	1258	1258	1	1258	1.0	1.0	1.0	True	KL38	KL38	prophage	prediction	True	prediction	1.0
QOV05454_1_K64	YP_009797016_1_K64	0.0	99.017	2063.0	1017	1	1017	1017	1	1017	1.0	1.0	1.0	True	KL64	KL64	virulent	virulent	True	virulent-virulent	0.99017
KPN_B13_PHAGE002_M_PROTEIN_56	0496_72	0.0	100.0	1993.0	967	1	967	968	2	968	1.0	0.9989669421487604	0.9989669421487604	True	KL122	KL122	prediction	prophage	True	prediction	1.0
1630_70	KVV_B2_PHAGE059_M_PROTEIN_71	0.0	100.0	1921.0	929	1	929	929	1	929	1.0	1.0	1.0	True	KL10	KL10	prophage_inactive	prediction	True	other	1.0
KPN_B2_PHAGE064_M_PROTEIN_80	1863_75	0.0	100.0	1918.0	927	1	927	927	1	927	1.0	1.0	1.0	True	KL7	KL7	prediction	prophage_inactive	True	other	1.0
UPW42726_1_K2	QTP95996_1_K13/K2	0.0	99.449	1865.0	907	1	907	907	1	907	1.0	1.0	1.0	True	KL2	KL13/K2	virulent	virulent	True	virulent-virulent	0.99449
YP_009820105_1_K2	QTP95996_1_K13/K2	0.0	99.228	1859.0	907	1	907	907	1	907	1.0	1.0	1.0	True	KL2	KL13/K2	virulent	virulent	True	virulent-virulent	0.9922799999999999
UPW42726_1_K2	YP_009820105_1_K2	0.0	99.118	1858.0	907	1	907	907	1	907	1.0	1.0	1.0	True	KL2	KL2	virulent	virulent	True	virulent-virulent	0.99118
1850_66	1849_60	0.0	93.219	1848.0	984	17	982	1007	20	1007	0.9817073170731707	0.9811320754716981	0.9811320754716981	True	KL36	KL36	prophage_notproduced	prophage_notproduced	True	other	0.93219
QUU29414_1_K2	YP_009820105_1_K2	0.0	98.567	1847.0	907	1	907	907	1	907	1.0	1.0	1.0	True	KL2	KL2	virulent	virulent	True	virulent-virulent	0.9856699999999999
QUU29414_1_K2	UPW42726_1_K2	0.0	98.346	1844.0	907	1	907	907	1	907	1.0	1.0	1.0	True	KL2	KL2	virulent	virulent	True	virulent-virulent	0.98346
QTP95996_1_K13/K2	QUU29414_1_K2	0.0	98.236	1843.0	907	1	907	907	1	907	1.0	1.0	1.0	True	KL13/K2	KL2	virulent	virulent	True	virulent-virulent	0.98236
0574_17	KQQ_B1_PHAGE040_M_PROTEIN_36	0.0	100.0	1803.0	873	2	873	872	1	872	0.9988545246277205	1.0	0.9988545246277205	True	KL14	KL14	prophage	prediction	True	prediction	1.0
1091_44	KPN_B20_PHAGE487_M_PROTEIN_8	0.0	99.773	1791.0	880	1	880	880	1	880	1.0	1.0	1.0	True	KL64	KL64	prophage	prediction	True	prediction	0.99773
0367_12	KPN_B20_PHAGE048_M_PROTEIN_10	0.0	100.0	1703.0	851	15	851	837	1	837	0.9835487661574618	1.0	0.9835487661574618	True	KL62	KL62	prophage	prediction	True	prediction	1.0
BBF66844_1_KN1	AXE28435_1_KN1	0.0	95.854	1610.0	820	2	820	820	1	820	0.998780487804878	1.0	0.998780487804878	True	KN1	KN1	virulent	virulent	True	virulent-virulent	0.95854
ALT58497_1_K47	QDF14644_1_K47	0.0	98.361	1590.0	793	1	793	793	1	793	1.0	1.0	1.0	True	KL47	KL47	virulent	virulent	True	virulent-virulent	0.9836100000000001
391_03	KPN_B6_PHAGE307_M_PROTEIN_10	0.0	97.962	1486.0	736	1	736	736	1	736	1.0	1.0	1.0	True	KL3	KL3	prophage	prediction	True	prediction	0.97962
453_72	KPN_B20_PHAGE026_M_PROTEIN_2	0.0	95.407	1474.0	762	1	762	762	1	762	1.0	1.0	1.0	True	KL14	KL14	prophage_notproduced	prediction	True	other	0.95407
KPN_B20_PHAGE048_M_PROTEIN_10	0391_11	0.0	88.902	1463.0	837	1	837	839	2	839	1.0	0.99880810488677	0.99880810488677	True	KL62	KL62	prediction	prophage	True	prediction	0.88902
0367_12	0391_11	0.0	88.902	1460.0	851	15	851	839	2	839	0.9835487661574618	0.99880810488677	0.9835487661574618	True	KL62	KL62	prophage	prophage	True	prophage-prophage	0.88902
1248_57	1441_47	0.0	98.58	1442.0	704	1	704	704	1	704	1.0	1.0	1.0	True	KL23	KL23	prophage	prophage	True	prophage-prophage	0.9858
1723_59	1724_71	0.0	92.308	1367.0	951	223	949	843	117	841	0.7644584647739222	0.8600237247924081	0.7644584647739222	True	KL60	KL60	prophage	prophage	True	prophage-prophage	0.9230800000000001
1344_72	KPN_B13_PHAGE067_M_PROTEIN_74	0.0	94.269	1365.0	698	1	698	698	1	698	1.0	1.0	1.0	True	KL64	KL28	prophage_notproduced	prediction	False	other	0.94269
1441_47	1921_77	0.0	93.957	1362.0	704	10	704	701	7	701	0.9872159090909091	0.9914407988587732	0.9872159090909091	True	KL23	KL9	prophage	prophage_notproduced	False	prophage_notproduced	0.9395699999999999
1248_57	1921_77	0.0	93.669	1358.0	704	10	704	701	7	701	0.9872159090909091	0.9914407988587732	0.9872159090909091	True	KL23	KL9	prophage	prophage_notproduced	False	prophage_notproduced	0.93669
1343_36	1091_44	0.0	95.729	1350.0	795	117	795	880	202	880	0.8540880503144654	0.7715909090909091	0.7715909090909091	True	KL64	KL64	prophage_notproduced	prophage	True	prophage_notproduced	0.95729
KQS_B1_PHAGE068_M_PROTEIN_82	319_37	0.0	91.047	1348.0	813	90	813	794	76	794	0.8905289052890529	0.9055415617128464	0.8905289052890529	True	KL127	KL127	prediction	prophage	True	prediction	0.91047
1343_36	KPN_B20_PHAGE487_M_PROTEIN_8	0.0	95.582	1348.0	795	117	795	880	202	880	0.8540880503144654	0.7715909090909091	0.7715909090909091	True	KL64	KL64	prophage_notproduced	prediction	True	other	0.9558199999999999
321_74	319_37	0.0	97.134	1331.0	663	1	663	794	132	794	1.0	0.8350125944584383	0.8350125944584383	True	KL127	KL127	prophage_notproduced	prophage	True	prophage_notproduced	0.97134
YP_009302756_1_K1	YP_009098385_1_K1	0.0	98.157	1313.0	651	1	651	651	1	651	1.0	1.0	1.0	True	KL1	KL1	virulent	virulent	True	virulent-virulent	0.9815699999999999
321_74	KQS_B1_PHAGE068_M_PROTEIN_82	0.0	95.928	1313.0	663	1	663	813	151	813	1.0	0.8154981549815498	0.8154981549815498	True	KL127	KL127	prophage_notproduced	prediction	True	other	0.95928
YP_009098385_1_K1	REC_005_PROTEIN_56_KL1	0.0	96.16	1285.0	651	1	651	651	1	651	1.0	1.0	1.0	True	KL1	KL1	virulent	virulent	True	virulent-virulent	0.9616
1406_54	1190_71	0.0	88.633	1285.0	695	1	695	695	1	695	1.0	1.0	1.0	True	KL28	KL28	prophage_notproduced	prophage_notproduced	True	other	0.88633
QOV05502_1_K47	ALT58498_1_K47	0.0	98.908	1284.0	641	1	641	641	1	641	1.0	1.0	1.0	True	KL47	KL47	virulent	virulent	True	virulent-virulent	0.98908
YP_009302756_1_K1	REC_005_PROTEIN_56_KL1	0.0	95.238	1274.0	651	1	651	651	1	651	1.0	1.0	1.0	True	KL1	KL1	virulent	virulent	True	virulent-virulent	0.95238
454_56	KPN_B20_PHAGE026_M_PROTEIN_2	0.0	88.746	1255.0	826	125	826	762	63	762	0.8498789346246973	0.9186351706036745	0.8498789346246973	True	KL14	KL14	prophage_notproduced	prediction	True	other	0.8874599999999999
454_56	453_72	0.0	88.177	1247.0	826	125	826	762	63	762	0.8498789346246973	0.9186351706036745	0.8498789346246973	True	KL14	KL14	prophage_notproduced	prophage_notproduced	True	other	0.88177
1248_57	1409_59	0.0	90.794	1175.0	704	78	704	852	228	852	0.890625	0.7335680751173709	0.7335680751173709	True	KL23	KL23	prophage	prophage	True	prophage-prophage	0.90794
1409_59	1441_47	0.0	89.841	1167.0	852	228	852	704	78	704	0.7335680751173709	0.890625	0.7335680751173709	True	KL23	KL23	prophage	prophage	True	prophage-prophage	0.8984099999999999
REC_015_PROTEIN_54_KL2	APZ82768_1_K13/K2	0.0	98.614	1164.0	577	1	577	577	1	577	1.0	1.0	1.0	True	KL2	KL13/K2	virulent	virulent	True	virulent-virulent	0.98614
QJI52632_K13/K2	REC_015_PROTEIN_54_KL2	0.0	97.574	1154.0	577	1	577	577	1	577	1.0	1.0	1.0	True	KL13/K2	KL2	virulent	virulent	True	virulent-virulent	0.9757399999999999
QJI52632_K13/K2	APZ82768_1_K13/K2	0.0	97.227	1148.0	577	1	577	577	1	577	1.0	1.0	1.0	True	KL13/K2	KL13/K2	virulent	virulent	True	virulent-virulent	0.9722700000000001
873_60	1248_57	0.0	100.0	1145.0	554	1	554	704	151	704	1.0	0.7869318181818182	0.7869318181818182	True	KL28	KL23	prophage_notproduced	prophage	False	prophage_notproduced	1.0
1409_59	1921_77	0.0	87.302	1142.0	852	228	852	701	75	701	0.7335680751173709	0.8944365192582026	0.7335680751173709	True	KL23	KL9	prophage	prophage_notproduced	False	prophage_notproduced	0.87302
1409_59	873_60	0.0	98.736	1139.0	852	299	852	554	1	554	0.6502347417840375	1.0	0.6502347417840375	True	KL23	KL28	prophage	prophage_notproduced	False	prophage_notproduced	0.98736
1057_41	KPN_B3_PHAGE052_L_PROTEIN_120	0.0	95.13	1135.0	578	4	578	574	1	574	0.9948096885813149	1.0	0.9948096885813149	True	KL25	KL25	prophage_notproduced	prediction	True	other	0.9512999999999999
1441_47	873_60	0.0	98.195	1131.0	704	151	704	554	1	554	0.7869318181818182	1.0	0.7869318181818182	True	KL23	KL28	prophage	prophage_notproduced	False	prophage_notproduced	0.9819499999999999
1409_62	876_57	0.0	100.0	1126.0	550	1	550	850	301	850	1.0	0.6470588235294118	0.6470588235294118	True	KL28	KL28	prophage_notproduced	prophage_notproduced	True	other	1.0
1344_72	1406_54	0.0	82.148	1119.0	698	15	698	695	12	695	0.9799426934097422	0.9841726618705036	0.9799426934097422	True	KL64	KL28	prophage_notproduced	prophage_notproduced	False	other	0.82148
1406_54	876_57	0.0	88.217	1115.0	695	75	695	850	228	850	0.8935251798561151	0.7329411764705882	0.7329411764705882	True	KL28	KL28	prophage_notproduced	prophage_notproduced	True	other	0.88217
KPN_B13_PHAGE067_M_PROTEIN_74	1406_54	0.0	81.858	1112.0	698	15	698	695	12	695	0.9799426934097422	0.9841726618705036	0.9799426934097422	True	KL28	KL28	prediction	prophage_notproduced	True	other	0.8185800000000001
873_60	1921_77	0.0	95.307	1107.0	554	1	554	701	148	701	1.0	0.7902995720399429	0.7902995720399429	True	KL28	KL9	prophage_notproduced	prophage_notproduced	False	other	0.95307
ATI16495_1_K57	QTH79846_1_K57	0.0	89.347	1086.0	721	147	721	614	32	613	0.79750346740638	0.9478827361563518	0.79750346740638	True	KL57	KL57	virulent	virulent	True	virulent-virulent	0.89347
914_77	321_71	0.0	99.067	1084.0	536	1	536	690	155	690	1.0	0.7768115942028986	0.7768115942028986	True	KL32	KL127	prophage	prophage_notproduced	False	prophage_notproduced	0.9906699999999999
1406_54	1409_62	0.0	95.818	1078.0	695	150	695	550	1	550	0.7856115107913669	1.0	0.7856115107913669	True	KL28	KL28	prophage_notproduced	prophage_notproduced	True	other	0.95818
1668_49	KPN_B4_PHAGE180_M_PROTEIN_15	0.0	72.269	1077.0	702	1	702	707	1	707	1.0	1.0	1.0	True	KL2	KL24	prophage_notproduced	prediction	False	other	0.72269
KVV_B3_PHAGE102_M_PROTEIN_79	1724_71	0.0	78.495	1071.0	652	1	651	843	192	842	0.9984662576687117	0.7722419928825622	0.7722419928825622	True	KL60	KL60	prediction	prophage	True	prediction	0.78495
1406_54	1248_60	0.0	93.956	1070.0	695	150	695	546	1	546	0.7856115107913669	1.0	0.7856115107913669	True	KL28	KL28	prophage_notproduced	prophage_notproduced	True	other	0.9395600000000001
876_57	1344_72	0.0	84.261	1068.0	850	223	850	698	77	698	0.7388235294117647	0.8911174785100286	0.7388235294117647	True	KL28	KL64	prophage_notproduced	prophage_notproduced	False	other	0.84261
KVV_B3_PHAGE102_M_PROTEIN_79	1723_59	0.0	78.221	1066.0	652	1	652	951	300	951	1.0	0.6855941114616193	0.6855941114616193	True	KL60	KL60	prediction	prophage	True	prediction	0.7822100000000001
876_57	KPN_B13_PHAGE067_M_PROTEIN_74	0.0	84.261	1061.0	850	223	850	698	77	698	0.7388235294117647	0.8911174785100286	0.7388235294117647	True	KL28	KL28	prophage_notproduced	prediction	True	other	0.84261
1344_72	1248_60	0.0	92.857	1060.0	698	153	698	546	1	546	0.7822349570200573	1.0	0.7822349570200573	True	KL64	KL28	prophage_notproduced	prophage_notproduced	False	other	0.92857
KPN_B13_PHAGE067_M_PROTEIN_74	1248_60	0.0	92.125	1045.0	698	153	698	546	1	546	0.7822349570200573	1.0	0.7822349570200573	True	KL28	KL28	prediction	prophage_notproduced	True	other	0.92125
876_57	1248_60	0.0	91.636	1043.0	850	301	850	546	1	546	0.6470588235294118	1.0	0.6470588235294118	True	KL28	KL28	prophage_notproduced	prophage_notproduced	True	other	0.91636
1248_60	1409_62	0.0	91.636	1043.0	546	1	546	550	1	550	1.0	1.0	1.0	True	KL28	KL28	prophage_notproduced	prophage_notproduced	True	other	0.91636
YP_003347556_1_K21	YP_009198669_1_K21	0.0	86.609	1040.0	576	2	576	575	1	575	0.9982638888888888	1.0	0.9982638888888888	True	KL21	KL21	virulent	virulent	True	virulent-virulent	0.8660899999999999
1409_62	1344_72	0.0	91.818	1040.0	550	1	550	698	153	698	1.0	0.7822349570200573	0.7822349570200573	True	KL28	KL64	prophage_notproduced	prophage_notproduced	False	other	0.91818
1409_62	KPN_B13_PHAGE067_M_PROTEIN_74	0.0	91.818	1033.0	550	1	550	698	153	698	1.0	0.7822349570200573	0.7822349570200573	True	KL28	KL28	prophage_notproduced	prediction	True	other	0.91818
1631_52	738_68	0.0	82.06	1028.0	822	221	822	742	141	742	0.732360097323601	0.8113207547169812	0.732360097323601	True	KL10	KL143	prophage_notproduced	prophage	False	prophage_notproduced	0.8206
KPN_B7_PHAGE038_M_PROTEIN_70	914_74	0.0	96.512	1022.0	516	1	516	666	151	666	1.0	0.7747747747747747	0.7747747747747747	True	KL62	KL62	prediction	prophage	True	prediction	0.96512
184_43	KPN_B8_PHAGE124_M_PROTEIN_72	0.0	81.534	1020.0	639	1	639	634	1	634	1.0	1.0	1.0	True	KL111	KL111	prophage	prediction	True	prediction	0.8153400000000001
1190_71	KPN_B13_PHAGE067_M_PROTEIN_74	0.0	74.02	1017.0	695	12	695	698	15	698	0.9841726618705036	0.9799426934097422	0.9799426934097422	True	KL28	KL28	prophage_notproduced	prediction	True	other	0.7402
1190_71	1344_72	0.0	73.585	1012.0	695	12	695	698	15	698	0.9841726618705036	0.9799426934097422	0.9799426934097422	True	KL28	KL64	prophage_notproduced	prophage_notproduced	False	other	0.7358499999999999
1190_71	1251_37	0.0	77.814	991.0	695	75	695	677	63	677	0.8935251798561151	0.9084194977843427	0.8935251798561151	True	KL28	KL28	prophage_notproduced	prophage	True	prophage_notproduced	0.7781399999999999
1855_60	KPN_B8_PHAGE124_M_PROTEIN_72	0.0	96.819	988.0	503	1	503	634	132	634	1.0	0.7933753943217665	0.7933753943217665	True	KL25	KL111	prophage_notproduced	prediction	False	other	0.96819
1190_71	876_57	0.0	76.115	978.0	695	75	695	850	228	850	0.8935251798561151	0.7329411764705882	0.7329411764705882	True	KL28	KL28	prophage_notproduced	prophage_notproduced	True	other	0.76115
1248_60	1190_71	0.0	84.799	978.0	546	1	546	695	150	695	1.0	0.7856115107913669	0.7856115107913669	True	KL28	KL28	prophage_notproduced	prophage_notproduced	True	other	0.84799
666_83	1668_52	0.0	91.132	975.0	773	244	773	530	2	530	0.685640362225097	0.9981132075471698	0.685640362225097	True	KL116	KL2	prophage_notproduced	prophage_notproduced	False	other	0.91132
1855_60	184_43	0.0	95.427	959.0	503	1	503	639	137	639	1.0	0.7871674491392802	0.7871674491392802	True	KL25	KL111	prophage_notproduced	prophage	False	prophage_notproduced	0.9542700000000001
319_37	KVV_B1_PHAGE226_M_PROTEIN_38	0.0	98.927	952.0	794	1	466	466	1	466	0.5869017632241813	1.0	0.5869017632241813	False	KL127	KL127	prophage	prediction	True	prediction	0.9892700000000001
KQS_B1_PHAGE068_M_PROTEIN_82	KQS_B1_PHAGE218_M_PROTEIN_1	0.0	72.558	952.0	813	113	743	665	28	665	0.7761377613776138	0.9593984962406015	0.7761377613776138	False	KL127	KL127	prediction	prediction	True	other	0.7255800000000001
KQS_B1_PHAGE218_M_PROTEIN_1	321_74	0.0	77.663	947.0	665	87	665	663	12	593	0.8706766917293233	0.8778280542986425	0.8706766917293233	False	KL127	KL127	prediction	prophage_notproduced	True	other	0.7766299999999999
KQS_B1_PHAGE218_M_PROTEIN_1	319_37	0.0	74.751	945.0	665	67	665	794	123	724	0.9007518796992481	0.7581863979848866	0.7581863979848866	False	KL127	KL127	prediction	prophage	True	prediction	0.74751
1409_62	1190_71	0.0	82.0	939.0	550	1	550	695	150	695	1.0	0.7856115107913669	0.7856115107913669	True	KL28	KL28	prophage_notproduced	prophage_notproduced	True	other	0.82
YP_009153202_1_K64	KPN_B11_PHAGE329_M_PROTEIN_7	0.0	56.201	882.0	996	245	996	1050	295	1050	0.7550200803212851	0.72	0.72	True	KL64	KL64	virulent	prediction	True	prediction	0.56201
876_57	1251_37	0.0	67.675	875.0	850	225	850	677	60	677	0.7364705882352941	0.912850812407681	0.7364705882352941	True	KL28	KL28	prophage_notproduced	prophage	True	prophage_notproduced	0.67675
184_43	KPN_B7_PHAGE164_M_PROTEIN_57	0.0	75.253	867.0	639	50	639	803	214	803	0.9233176838810642	0.7347447073474471	0.7347447073474471	True	KL111	KL25	prophage	prediction	False	prediction	0.75253
1251_37	1406_54	0.0	66.397	858.0	677	66	677	695	78	695	0.9039881831610044	0.8892086330935252	0.8892086330935252	True	KL28	KL28	prophage	prophage_notproduced	True	prophage_notproduced	0.6639700000000001
KPN_B7_PHAGE164_M_PROTEIN_57	KPN_B8_PHAGE124_M_PROTEIN_72	0.0	72.408	849.0	803	205	803	634	12	634	0.7459526774595268	0.9826498422712934	0.7459526774595268	True	KL25	KL111	prediction	prediction	False	other	0.7240800000000001
1251_37	KPN_B13_PHAGE067_M_PROTEIN_74	0.0	64.275	845.0	677	47	677	698	64	698	0.9320531757754801	0.9097421203438395	0.9097421203438395	True	KL28	KL28	prophage	prediction	True	prediction	0.64275
1251_37	1344_72	0.0	70.304	835.0	677	121	677	698	140	698	0.8227474150664698	0.8008595988538681	0.8008595988538681	True	KL28	KL64	prophage	prophage_notproduced	False	prophage_notproduced	0.70304
1251_37	1248_60	0.0	71.245	832.0	677	134	677	546	1	546	0.8035450516986706	1.0	0.8035450516986706	True	KL28	KL28	prophage	prophage_notproduced	True	prophage_notproduced	0.71245
1251_37	1409_62	0.0	71.273	824.0	677	134	677	550	1	550	0.8035450516986706	1.0	0.8035450516986706	True	KL28	KL28	prophage	prophage_notproduced	True	prophage_notproduced	0.71273
1855_60	KPN_B7_PHAGE164_M_PROTEIN_57	0.0	82.704	822.0	503	1	503	803	303	803	1.0	0.6239103362391034	0.6239103362391034	True	KL25	KL25	prophage_notproduced	prediction	True	other	0.8270399999999999
BAN78446_1_KN2	UCR74083_1_K27	0.0	40.226	795.0	1245	1	1245	1294	1	1292	1.0	0.9984544049459042	0.9984544049459042	True	KN2	KL27	virulent	virulent	False	virulent-virulent	0.40226
QIW88225_1_K23	QOI68577_1_K23	0.0	65.938	768.0	607	60	607	555	11	555	0.9028006589785832	0.9819819819819819	0.9028006589785832	True	KL23	KL23	virulent	virulent	True	virulent-virulent	0.6593800000000001
YP_009797016_1_K64	KPN_B11_PHAGE329_M_PROTEIN_7	0.0	48.886	743.0	1017	254	1015	1050	290	1049	0.7492625368731564	0.7238095238095238	0.7238095238095238	True	KL64	KL64	virulent	prediction	True	prediction	0.48886
QOV05454_1_K64	KPN_B11_PHAGE329_M_PROTEIN_7	0.0	48.755	740.0	1017	254	1015	1050	290	1049	0.7492625368731564	0.7238095238095238	0.7238095238095238	True	KL64	KL64	virulent	prediction	True	prediction	0.48755000000000004
WOK01638_1_K62	0391_11	0.0	69.4529294117647	708.0	692	182	691	839	245	837	0.7369942196531792	0.7067938021454112	0.7067938021454112	True	KL62	KL62	virulent	prophage	True	prophage-virulent	0.694529294117647
YP_009797016_1_K64	YP_009153202_1_K64	0.0	47.204	707.0	1017	248	1015	996	234	995	0.7551622418879056	0.7650602409638554	0.7551622418879056	True	KL64	KL64	virulent	virulent	True	virulent-virulent	0.47204
QOV05454_1_K64	YP_009153202_1_K64	0.0	47.074	705.0	1017	248	1015	996	234	995	0.7551622418879056	0.7650602409638554	0.7551622418879056	True	KL64	KL64	virulent	virulent	True	virulent-virulent	0.47074
KQS_B1_PHAGE068_M_PROTEIN_82	KVV_B1_PHAGE226_M_PROTEIN_38	0.0	85.427	691.0	813	90	485	466	76	466	0.4870848708487085	0.8390557939914163	0.4870848708487085	False	KL127	KL127	prediction	prediction	True	other	0.8542700000000001
1863_75	KVV_B2_PHAGE059_M_PROTEIN_71	0.0	43.316	675.0	927	12	926	929	4	928	0.9870550161812298	0.9956942949407965	0.9870550161812298	True	KL7	KL10	prophage_inactive	prediction	False	other	0.43316000000000004
KPN_B2_PHAGE064_M_PROTEIN_80	KVV_B2_PHAGE059_M_PROTEIN_71	0.0	43.316	675.0	927	12	926	929	4	928	0.9870550161812298	0.9956942949407965	0.9870550161812298	True	KL7	KL10	prediction	prediction	False	other	0.43316000000000004
KPN_B2_PHAGE064_M_PROTEIN_80	1630_70	0.0	43.316	675.0	927	12	926	929	4	928	0.9870550161812298	0.9956942949407965	0.9870550161812298	True	KL7	KL10	prediction	prophage_inactive	False	other	0.43316000000000004
KVV_B1_PHAGE226_M_PROTEIN_38	321_74	0.0	96.418	675.0	466	132	466	663	1	335	0.7188841201716738	0.5052790346907994	0.5052790346907994	False	KL127	KL127	prediction	prophage_notproduced	True	other	0.96418
1863_75	1630_70	0.0	43.316	675.0	927	12	926	929	4	928	0.9870550161812298	0.9956942949407965	0.9870550161812298	True	KL7	KL10	prophage_inactive	prophage_inactive	False	other	0.43316000000000004
UZN24616_1_KN8	UFK09522_1_KN8	0.0	56.419	665.0	592	1	592	590	1	590	1.0	1.0	1.0	True	KN8	KN8	virulent	virulent	True	virulent-virulent	0.56419
1538_54	876_57	0.0	86.179	652.0	900	1	369	850	1	367	0.41	0.43176470588235294	0.41	False	KL140	KL28	prophage_notproduced	prophage_notproduced	False	other	0.8617900000000001
ATI16495_1_K57	AOZ65519_1_K57	0.0	55.424	644.0	721	144	720	843	263	843	0.8002773925104022	0.6892052194543298	0.6892052194543298	True	KL57	KL57	virulent	virulent	True	virulent-virulent	0.55424
876_57	1723_59	0.0	92.308	632.0	850	1	325	951	1	325	0.38235294117647056	0.34174553101997895	0.34174553101997895	False	KL28	KL60	prophage_notproduced	prophage	False	prophage_notproduced	0.9230800000000001
1538_54	1723_59	0.0	82.973	632.0	900	1	370	951	1	364	0.4111111111111111	0.38275499474237645	0.38275499474237645	False	KL140	KL60	prophage_notproduced	prophage	False	prophage_notproduced	0.82973
AOZ65519_1_K57	QTH79846_1_K57	0.0	55.929	630.0	843	291	843	614	53	612	0.6559905100830368	0.9120521172638436	0.6559905100830368	True	KL57	KL57	virulent	virulent	True	virulent-virulent	0.5592900000000001
KPN_B7_PHAGE164_M_PROTEIN_57	1409_59	0.0	97.377	620.0	803	1	305	852	2	306	0.37982565379825656	0.357981220657277	0.357981220657277	False	KL25	KL23	prediction	prophage	False	prediction	0.9737699999999999
1409_59	876_57	0.0	100.0	616.0	852	1	296	850	1	296	0.3474178403755869	0.34823529411764703	0.3474178403755869	False	KL23	KL28	prophage	prophage_notproduced	False	prophage_notproduced	1.0
KPN_B7_PHAGE164_M_PROTEIN_57	876_57	0.0	98.35	613.0	803	1	303	850	2	301	0.37733499377334995	0.35294117647058826	0.35294117647058826	False	KL25	KL28	prediction	prophage_notproduced	False	other	0.9834999999999999
1723_59	1409_59	0.0	97.635	609.0	951	1	296	852	1	296	0.31125131440588855	0.3474178403755869	0.31125131440588855	False	KL60	KL23	prophage	prophage	False	prophage-prophage	0.97635
KPN_B7_PHAGE164_M_PROTEIN_57	1723_59	0.0	97.288	607.0	803	1	295	951	2	296	0.36737235367372356	0.31019978969505785	0.31019978969505785	False	KL25	KL60	prediction	prophage	False	prediction	0.97288
1538_54	KPN_B7_PHAGE164_M_PROTEIN_57	0.0	94.788	602.0	900	2	308	803	1	306	0.3411111111111111	0.38107098381070986	0.3411111111111111	False	KL140	KL25	prophage_notproduced	prediction	False	other	0.94788
1409_59	1538_54	0.0	96.959	596.0	852	1	296	900	1	296	0.3474178403755869	0.3288888888888889	0.3288888888888889	False	KL23	KL140	prophage	prophage_notproduced	False	prophage_notproduced	0.9695900000000001
0391_11	914_74	1.3399999999999998e-126	52.81119420783646	595.0	839	173	839	666	81	666	0.7949940405244339	0.8798798798798799	0.7949940405244339	True	KL62	KL62	prophage	prophage	True	prophage-prophage	0.5281119420783645
KPN_B2_PHAGE139_M_PROTEIN_9	UCR74083_1_K27	0.0	36.636	593.0	1258	172	1234	1294	190	1267	0.8449920508744038	0.8330757341576507	0.8330757341576507	True	KL38	KL27	prediction	virulent	False	prediction	0.36636
617_77	UCR74083_1_K27	0.0	36.636	593.0	1258	172	1234	1294	190	1267	0.8449920508744038	0.8330757341576507	0.8330757341576507	True	KL38	KL27	prophage	virulent	False	prophage-virulent	0.36636
KPN_B20_PHAGE048_M_PROTEIN_10	914_74	9.97e-123	52.64086201022147	587.0	837	171	837	666	81	666	0.7968936678614098	0.8798798798798799	0.7968936678614098	True	KL62	KL62	prediction	prophage	True	prediction	0.5264086201022147
0367_12	914_74	2.4000000000000001e-122	52.64086201022147	586.0	851	185	851	666	81	666	0.7837837837837838	0.8798798798798799	0.7837837837837838	True	KL62	KL62	prophage	prophage	True	prophage-prophage	0.5264086201022147
WOK01638_1_K62	0367_12	0.0	69.746	583.0	692	143	568	851	216	648	0.615606936416185	0.5088131609870741	0.5088131609870741	False	KL62	KL62	virulent	prophage	True	prophage-virulent	0.69746
WOK01638_1_K62	KPN_B20_PHAGE048_M_PROTEIN_10	0.0	69.746	583.0	692	143	568	837	202	634	0.615606936416185	0.5173237753882916	0.5173237753882916	False	KL62	KL62	virulent	prediction	True	prediction	0.69746
0391_11	KPN_B7_PHAGE038_M_PROTEIN_70	2.41e-119	55.76944038461538	571.0	839	244	839	516	1	516	0.7103694874851013	1.0	0.7103694874851013	True	KL62	KL62	prophage	prediction	True	prediction	0.5576944038461538
0367_12	KPN_B7_PHAGE038_M_PROTEIN_70	2.93e-115	55.96164999999999	563.0	851	256	851	516	1	516	0.700352526439483	1.0	0.700352526439483	True	KL62	KL62	prophage	prediction	True	prediction	0.5596165
KPN_B20_PHAGE048_M_PROTEIN_10	KPN_B7_PHAGE038_M_PROTEIN_70	1.64e-115	55.96164999999999	563.0	837	242	837	516	1	516	0.7120669056152927	1.0	0.7120669056152927	True	KL62	KL62	prediction	prediction	True	other	0.5596165
BAN78446_1_KN2	KPN_B2_PHAGE139_M_PROTEIN_9	2.94e-178	35.22	554.0	1245	181	1243	1258	165	1250	0.8538152610441767	0.863275039745628	0.8538152610441767	True	KN2	KL38	virulent	prediction	False	prediction	0.3522
BAN78446_1_KN2	617_77	2.94e-178	35.22	554.0	1245	181	1243	1258	165	1250	0.8538152610441767	0.863275039745628	0.8538152610441767	True	KN2	KL38	virulent	prophage	False	prophage-virulent	0.3522
APZ82804_1_K30/K69	BBF66867_1_KN3	0.0	72.8	541.0	792	1	371	792	1	372	0.4684343434343434	0.4696969696969697	0.4684343434343434	False	KL30/K69	KN3	virulent	virulent	False	virulent-virulent	0.728
KQS_B1_PHAGE218_M_PROTEIN_1	KVV_B1_PHAGE226_M_PROTEIN_38	0.0	74.128	530.0	665	67	407	466	123	466	0.512781954887218	0.7381974248927039	0.512781954887218	False	KL127	KL127	prediction	prediction	True	other	0.74128
APZ82804_1_K30/K69	YP_009153203_1_K30/K69	6.639999999999999e-176	49.546	519.0	792	245	792	767	224	767	0.6919191919191919	0.7092568448500652	0.6919191919191919	True	KL30/K69	KL30/K69	virulent	virulent	True	virulent-virulent	0.49546
BBF66867_1_KN3	QDF14644_1_K47	2.74e-173	76.708	513.0	792	1	321	793	1	322	0.4053030303030303	0.4060529634300126	0.4053030303030303	False	KN3	KL47	virulent	virulent	False	virulent-virulent	0.76708
APZ82804_1_K30/K69	QDF14644_1_K47	3.97e-171	77.019	507.0	792	1	321	793	1	322	0.4053030303030303	0.4060529634300126	0.4053030303030303	False	KL30/K69	KL47	virulent	virulent	False	virulent-virulent	0.77019
ALT58497_1_K47	BBF66867_1_KN3	2.4800000000000002e-169	55.6	503.0	793	1	496	792	1	459	0.6254728877679697	0.5795454545454546	0.5795454545454546	False	KL47	KN3	virulent	virulent	False	virulent-virulent	0.556
APZ82804_1_K30/K69	ALT58497_1_K47	1.14e-169	76.087	503.0	792	1	321	793	1	322	0.4053030303030303	0.4060529634300126	0.4053030303030303	False	KL30/K69	KL47	virulent	virulent	False	virulent-virulent	0.76087
1921_77	QIW88225_1_K23	6.639999999999999e-172	48.473	499.0	701	188	701	607	88	607	0.7332382310984308	0.85667215815486	0.7332382310984308	True	KL9	KL23	prophage_notproduced	virulent	False	prophage_notproduced	0.48473
1441_47	QIW88225_1_K23	4.31e-171	48.473	498.0	704	191	704	607	88	607	0.7301136363636364	0.85667215815486	0.7301136363636364	True	KL23	KL23	prophage	virulent	True	prophage-virulent	0.48473
1248_57	QIW88225_1_K23	4.05e-170	48.664	495.0	704	191	704	607	88	607	0.7301136363636364	0.85667215815486	0.7301136363636364	True	KL23	KL23	prophage	virulent	True	prophage-virulent	0.48664
873_60	QIW88225_1_K23	6.419999999999999e-172	48.664	494.0	554	41	554	607	88	607	0.927797833935018	0.85667215815486	0.85667215815486	True	KL28	KL23	prophage_notproduced	virulent	False	prophage_notproduced	0.48664
1409_59	QIW88225_1_K23	1.93e-167	48.282	493.0	852	339	852	607	88	607	0.6032863849765259	0.85667215815486	0.6032863849765259	True	KL23	KL23	prophage	virulent	True	prophage-virulent	0.48281999999999997
AOZ65519_1_K57	BBF66867_1_KN3	1.0500000000000001e-163	68.975	490.0	843	1	361	792	1	344	0.42823250296559906	0.43434343434343436	0.42823250296559906	False	KL57	KN3	virulent	virulent	False	virulent-virulent	0.68975
QDF14644_1_K47	AOZ65519_1_K57	7.58e-162	69.014	485.0	793	1	345	843	1	355	0.43505674653215637	0.4211150652431791	0.4211150652431791	False	KL47	KL57	virulent	virulent	False	virulent-virulent	0.69014
APZ82804_1_K30/K69	AOZ65519_1_K57	4.2900000000000006e-160	72.121	480.0	792	1	321	843	1	330	0.4053030303030303	0.3914590747330961	0.3914590747330961	False	KL30/K69	KL57	virulent	virulent	False	virulent-virulent	0.7212099999999999
ALT58497_1_K47	AOZ65519_1_K57	2.4999999999999997e-159	67.606	478.0	793	1	345	843	1	355	0.43505674653215637	0.4211150652431791	0.4211150652431791	False	KL47	KL57	virulent	virulent	False	virulent-virulent	0.67606
WOK01638_1_K62	914_74	8.68e-159	41.159	468.0	692	49	691	666	25	664	0.9291907514450867	0.960960960960961	0.9291907514450867	True	KL62	KL62	virulent	prophage	True	prophage-virulent	0.41159
YP_009153201_1_K1	YP_007007686_1_K54	2.58e-153	89.189	468.0	888	1	259	895	89	347	0.2916666666666667	0.28938547486033517	0.28938547486033517	False	KL1	KL54	virulent	virulent	False	virulent-virulent	0.89189
1631_52	1815_56	2.66e-152	87.209	464.0	822	1	258	937	1	258	0.31386861313868614	0.2753468516542156	0.2753468516542156	False	KL10	KL4	prophage_notproduced	prophage_notproduced	False	other	0.87209
0391_11	1631_52	2.3e-153	83.835	464.0	839	2	267	822	1	266	0.3170441001191895	0.3236009732360097	0.3170441001191895	False	KL62	KL10	prophage	prophage_notproduced	False	prophage_notproduced	0.8383499999999999
1815_56	0391_11	1.42e-150	81.159	460.0	937	1	276	839	2	273	0.2945570971184632	0.32419547079856975	0.2945570971184632	False	KL4	KL62	prophage_notproduced	prophage	False	prophage_notproduced	0.81159
WOK01638_1_K62	KPN_B7_PHAGE038_M_PROTEIN_70	8.34e-157	47.758	457.0	692	182	691	516	2	514	0.7369942196531792	0.9941860465116279	0.7369942196531792	True	KL62	KL62	virulent	prediction	True	prediction	0.47758
KPN_B14_PHAGE135_M_PROTEIN_36	KPN_B11_PHAGE329_M_PROTEIN_7	5.4300000000000005e-145	78.545	449.0	870	1	275	1050	1	275	0.3160919540229885	0.2619047619047619	0.2619047619047619	False	KL30	KL64	prediction	prediction	False	other	0.78545
YP_003347651_1_K63	YP_009226011_1_K63	1.05e-148	42.419	446.0	630	34	629	883	268	882	0.946031746031746	0.6964892412231031	0.6964892412231031	True	KL63	KL63	virulent	virulent	True	virulent-virulent	0.42418999999999996
APZ82804_1_K30/K69	YP_003347555_1_K3	1.61e-145	64.146	443.0	792	1	352	869	1	357	0.4444444444444444	0.4108170310701956	0.4108170310701956	False	KL30/K69	KL3	virulent	virulent	False	virulent-virulent	0.64146
APZ82847_1_K8	QDF14644_1_K47	7.8e-144	75.0	435.0	749	1	292	793	1	291	0.38985313751668893	0.3669609079445145	0.3669609079445145	False	KL8	KL47	virulent	virulent	False	virulent-virulent	0.75
1921_77	QOI68577_1_K23	1.56e-147	45.524	435.0	701	188	701	555	39	555	0.7332382310984308	0.9315315315315316	0.7332382310984308	True	KL9	KL23	prophage_notproduced	virulent	False	prophage_notproduced	0.45524000000000003
YP_003347555_1_K3	BBF66867_1_KN3	1.98e-142	59.84	435.0	869	1	375	792	1	368	0.4315304948216341	0.46464646464646464	0.4315304948216341	False	KL3	KN3	virulent	virulent	False	virulent-virulent	0.5984
KPN_B14_PHAGE090_M_PROTEIN_50	1668_49	5.71e-144	43.551	434.0	803	221	803	702	116	702	0.726027397260274	0.8361823361823362	0.726027397260274	True	KL24	KL2	prediction	prophage_notproduced	False	other	0.43551
YP_003347555_1_K3	QDF14644_1_K47	1.15e-141	65.046	433.0	869	1	329	793	1	322	0.378596087456847	0.4060529634300126	0.378596087456847	False	KL3	KL47	virulent	virulent	False	virulent-virulent	0.65046
QOI68577_1_K23	1441_47	1.58e-146	45.905	432.0	555	39	555	704	191	704	0.9315315315315316	0.7301136363636364	0.7301136363636364	True	KL23	KL23	virulent	prophage	True	prophage-virulent	0.45905
APZ82847_1_K8	ALT58497_1_K47	1.3599999999999998e-141	74.315	429.0	749	1	292	793	1	291	0.38985313751668893	0.3669609079445145	0.3669609079445145	False	KL8	KL47	virulent	virulent	False	virulent-virulent	0.74315
1248_57	QOI68577_1_K23	1.0700000000000001e-144	45.524	428.0	704	191	704	555	39	555	0.7301136363636364	0.9315315315315316	0.7301136363636364	True	KL23	KL23	prophage	virulent	True	prophage-virulent	0.45524000000000003
873_60	QOI68577_1_K23	1.26e-146	45.524	427.0	554	41	554	555	39	555	0.927797833935018	0.9315315315315316	0.927797833935018	True	KL28	KL23	prophage_notproduced	virulent	False	prophage_notproduced	0.45524000000000003
KPN_B14_PHAGE090_M_PROTEIN_50	KPN_B4_PHAGE180_M_PROTEIN_15	2.26e-140	42.373	425.0	803	229	803	707	129	707	0.7160647571606475	0.8189533239038189	0.7160647571606475	True	KL24	KL24	prediction	prediction	True	other	0.42373
1409_59	QOI68577_1_K23	9.98e-142	44.952	425.0	852	339	852	555	39	555	0.6032863849765259	0.9315315315315316	0.6032863849765259	True	KL23	KL23	prophage	virulent	True	prophage-virulent	0.44952
YP_003347555_1_K3	ALT58497_1_K47	1.36e-137	63.526	423.0	869	1	329	793	1	322	0.378596087456847	0.4060529634300126	0.378596087456847	False	KL3	KL47	virulent	virulent	False	virulent-virulent	0.63526
APZ82804_1_K30/K69	APZ82847_1_K8	3.86e-138	58.025	421.0	792	1	391	749	1	404	0.4936868686868687	0.5393858477970628	0.4936868686868687	False	KL30/K69	KL8	virulent	virulent	False	virulent-virulent	0.5802499999999999
APZ82847_1_K8	BBF66867_1_KN3	7.14e-138	67.284	420.0	749	1	322	792	1	323	0.42990654205607476	0.4078282828282828	0.4078282828282828	False	KL8	KN3	virulent	virulent	False	virulent-virulent	0.6728400000000001
1631_52	666_83	5.3799999999999996e-135	78.889	414.0	822	1	268	773	1	268	0.3260340632603406	0.34670116429495473	0.3260340632603406	False	KL10	KL116	prophage_notproduced	prophage_notproduced	False	other	0.78889
YP_003347555_1_K3	AOZ65519_1_K57	3.42e-133	61.095	413.0	869	1	340	843	1	341	0.3912543153049482	0.4045077105575326	0.3912543153049482	False	KL3	KL57	virulent	virulent	False	virulent-virulent	0.61095
245_48	248_38	1e-137	42.042	413.0	655	82	653	693	121	688	0.8732824427480916	0.8196248196248196	0.8196248196248196	True	KL55	KL46	prophage_notproduced	prophage	False	prophage_notproduced	0.42042
0391_11	666_83	1.66e-133	71.233	410.0	839	2	285	773	1	281	0.33849821215733017	0.36351875808538164	0.33849821215733017	False	KL62	KL116	prophage	prophage_notproduced	False	prophage_notproduced	0.71233
KPN_B11_PHAGE013_M_PROTEIN_11	666_83	4.64e-109	51.08167857142857	408.8	913	1	599	773	1	559	0.656078860898138	0.723156532988357	0.656078860898138	False	KL3	KL116	prediction	prophage_notproduced	False	other	0.5108167857142857
AOZ65519_1_K57	APZ82847_1_K8	9.290000000000001e-132	61.022	405.0	843	1	370	749	1	362	0.4389086595492289	0.4833110814419226	0.4389086595492289	False	KL57	KL8	virulent	virulent	False	virulent-virulent	0.61022
1815_56	666_83	1.7000000000000001e-125	74.545	392.0	937	1	273	773	1	274	0.2913553895410886	0.35446313065976714	0.2913553895410886	False	KL4	KL116	prophage_notproduced	prophage_notproduced	False	other	0.7454500000000001
YP_003347555_1_K3	APZ82847_1_K8	3.8699999999999994e-126	55.051	391.0	869	1	389	749	1	387	0.4476409666283084	0.5166889185580774	0.4476409666283084	False	KL3	KL8	virulent	virulent	False	virulent-virulent	0.55051
ATS92567_1_K2	UPW42650_1_K2	6.609999999999999e-126	45.122	385.0	668	180	667	763	282	762	0.7305389221556886	0.6304062909567497	0.6304062909567497	True	KL2	KL2	virulent	virulent	True	virulent-virulent	0.45122
1631_52	KPN_B11_PHAGE013_M_PROTEIN_11	4.58e-122	80.658	384.0	822	1	243	913	1	230	0.2956204379562044	0.25191675794085433	0.25191675794085433	False	KL10	KL3	prophage_notproduced	prediction	False	other	0.80658
KPN_B11_PHAGE013_M_PROTEIN_11	KPN_B14_PHAGE090_M_PROTEIN_50	8.85e-122	56.433	383.0	913	1	340	803	1	333	0.3723986856516977	0.41469489414694893	0.3723986856516977	False	KL3	KL24	prediction	prediction	False	other	0.56433
0391_11	KPN_B11_PHAGE013_M_PROTEIN_11	1.52e-121	80.0	383.0	839	2	241	913	1	228	0.2860548271752086	0.2497261774370208	0.2497261774370208	False	KL62	KL3	prophage	prediction	False	prediction	0.8
0496_72	0391_11	3.21e-120	76.772	381.0	968	1	240	839	1	250	0.24793388429752067	0.29797377830750893	0.24793388429752067	False	KL122	KL62	prophage	prophage	False	prophage-prophage	0.7677200000000001
KPN_B13_PHAGE002_M_PROTEIN_56	1631_52	1.34e-119	75.1	379.0	967	1	238	822	1	248	0.24612202688728024	0.30170316301703165	0.24612202688728024	False	KL122	KL10	prediction	prophage_notproduced	False	other	0.7509999999999999
KPN_B13_PHAGE002_M_PROTEIN_56	0391_11	2.8199999999999997e-119	76.68	379.0	967	1	239	839	2	250	0.24715615305067218	0.2967818831942789	0.24715615305067218	False	KL122	KL62	prediction	prophage	False	prediction	0.7668
1631_52	0496_72	1.53e-119	75.1	379.0	822	1	248	968	2	239	0.30170316301703165	0.24586776859504134	0.24586776859504134	False	KL10	KL122	prophage_notproduced	prophage	False	prophage_notproduced	0.7509999999999999
KPN_B11_PHAGE013_M_PROTEIN_11	1815_56	7.38e-117	78.75	373.0	913	1	228	937	1	240	0.2497261774370208	0.256136606189968	0.2497261774370208	False	KL3	KL4	prediction	prophage_notproduced	False	other	0.7875
YP_009153196_1_K21	YP_003347556_1_K21	7.81e-124	39.286	373.0	651	95	650	576	29	575	0.8540706605222734	0.9496527777777778	0.8540706605222734	True	KL21	KL21	virulent	virulent	True	virulent-virulent	0.39286
KPN_B13_PHAGE002_M_PROTEIN_56	1815_56	9.520000000000001e-116	75.1	372.0	967	1	238	937	1	248	0.24612202688728024	0.2646744930629669	0.24612202688728024	False	KL122	KL4	prediction	prophage_notproduced	False	other	0.7509999999999999
0496_72	1815_56	9.63e-116	75.1	372.0	968	2	239	937	1	248	0.24586776859504134	0.2646744930629669	0.24586776859504134	False	KL122	KL4	prophage	prophage_notproduced	False	prophage_notproduced	0.7509999999999999
KPN_B13_PHAGE002_M_PROTEIN_56	666_83	6.71e-116	73.828	368.0	967	1	242	773	1	252	0.250258531540848	0.3260025873221216	0.250258531540848	False	KL122	KL116	prediction	prophage_notproduced	False	other	0.73828
0496_72	666_83	7e-116	73.828	368.0	968	2	243	773	1	252	0.25	0.3260025873221216	0.25	False	KL122	KL116	prophage	prophage_notproduced	False	prophage_notproduced	0.73828
KPN_B20_PHAGE048_M_PROTEIN_10	KPN_B14_PHAGE090_M_PROTEIN_50	1.77e-116	78.059	367.0	837	1	236	803	1	226	0.2819593787335723	0.28144458281444584	0.28144458281444584	False	KL62	KL24	prediction	prediction	False	other	0.78059
0367_12	KPN_B14_PHAGE090_M_PROTEIN_50	3.08e-116	78.059	366.0	851	15	250	803	1	226	0.2773207990599295	0.28144458281444584	0.2773207990599295	False	KL62	KL24	prophage	prediction	False	prediction	0.78059
YP_009153196_1_K21	YP_009198669_1_K21	1.3699999999999999e-120	38.393	365.0	651	95	650	575	28	574	0.8540706605222734	0.951304347826087	0.8540706605222734	True	KL21	KL21	virulent	virulent	True	virulent-virulent	0.38393
KPN_B11_PHAGE013_M_PROTEIN_11	0496_72	3.05e-113	78.112	364.0	913	1	230	968	2	234	0.25191675794085433	0.24070247933884298	0.24070247933884298	False	KL3	KL122	prediction	prophage	False	prediction	0.7811199999999999
KPN_B13_PHAGE002_M_PROTEIN_56	KPN_B11_PHAGE013_M_PROTEIN_11	3.77e-113	78.112	364.0	967	1	233	913	1	230	0.24095139607032057	0.25191675794085433	0.24095139607032057	False	KL122	KL3	prediction	prediction	False	other	0.7811199999999999
1631_52	KPN_B20_PHAGE048_M_PROTEIN_10	7.8e-112	64.662	355.0	822	1	266	837	1	265	0.3236009732360097	0.31660692951015534	0.31660692951015534	False	KL10	KL62	prophage_notproduced	prediction	False	other	0.6466200000000001
1631_52	0367_12	1.71e-111	64.662	354.0	822	1	266	851	15	279	0.3236009732360097	0.31139835487661577	0.31139835487661577	False	KL10	KL62	prophage_notproduced	prophage	False	prophage_notproduced	0.6466200000000001
1815_56	KPN_B20_PHAGE048_M_PROTEIN_10	4.7899999999999996e-108	62.319	348.0	937	1	276	837	1	271	0.2945570971184632	0.3237753882915173	0.2945570971184632	False	KL4	KL62	prophage_notproduced	prediction	False	other	0.62319
1815_56	0367_12	1.19e-107	62.319	347.0	937	1	276	851	15	285	0.2945570971184632	0.318448883666275	0.2945570971184632	False	KL4	KL62	prophage_notproduced	prophage	False	prophage_notproduced	0.62319
YP_009153201_1_K1	YP_009153198_1_KN5	1.0100000000000001e-27	34.44661557020609	346.59999999999997	888	1	239	1193	413	333	0.26914414414414417	-0.06621961441743504	-0.06621961441743504	False	KL1	KN5	virulent	virulent	False	virulent-virulent	0.3444661557020609
YP_009226011_1_K63	UPW42726_1_K2	1.5199999999999998e-106	63.259	344.0	883	1	288	907	1	310	0.3261608154020385	0.34178610804851156	0.3261608154020385	False	KL63	KL2	virulent	virulent	False	virulent-virulent	0.63259
WNO47121_1_K5	APZ82848_1_K5	1.04e-108	34.058	343.0	857	184	856	684	5	684	0.7852975495915986	0.9941520467836257	0.7852975495915986	True	KL5	KL5	virulent	virulent	True	virulent-virulent	0.34058
YP_009226011_1_K63	YP_009820105_1_K2	4.21e-106	58.64	343.0	883	1	314	907	1	350	0.3556058890147225	0.38588754134509373	0.3556058890147225	False	KL63	KL2	virulent	virulent	False	virulent-virulent	0.5864
YP_009226011_1_K63	QTP95996_1_K13/K2	6.36e-106	62.939	342.0	883	1	288	907	1	310	0.3261608154020385	0.34178610804851156	0.3261608154020385	False	KL63	KL13/K2	virulent	virulent	False	virulent-virulent	0.62939
YP_009226011_1_K63	QUU29414_1_K2	4.73e-105	62.62	340.0	883	1	288	907	1	310	0.3261608154020385	0.34178610804851156	0.3261608154020385	False	KL63	KL2	virulent	virulent	False	virulent-virulent	0.6262
UPW42650_1_K2	YP_009226011_1_K63	2.8400000000000002e-105	63.066	337.0	763	1	287	883	1	273	0.3761467889908257	0.3091732729331823	0.3091732729331823	False	KL2	KL63	virulent	virulent	False	virulent-virulent	0.63066
321_71	914_74	1.0099999999999999e-106	80.476	333.0	690	1	209	666	1	203	0.30289855072463767	0.3048048048048048	0.30289855072463767	False	KL127	KL62	prophage_notproduced	prophage	False	prophage_notproduced	0.80476
YP_009153201_1_K1	YP_009098385_1_K1	1.71e-104	33.497	332.0	888	301	888	651	46	651	0.6621621621621622	0.9308755760368663	0.6621621621621622	True	KL1	KL1	virulent	virulent	True	virulent-virulent	0.33497
YP_009153201_1_K1	REC_005_PROTEIN_56_KL1	5.34e-103	32.977	328.0	888	263	888	651	12	651	0.704954954954955	0.9831029185867896	0.704954954954955	True	KL1	KL1	virulent	virulent	True	virulent-virulent	0.32976999999999995
YP_009153201_1_K1	YP_009302756_1_K1	1.26e-102	33.17	327.0	888	301	888	651	46	651	0.6621621621621622	0.9308755760368663	0.6621621621621622	True	KL1	KL1	virulent	virulent	True	virulent-virulent	0.3317
KQS_B1_PHAGE068_M_PROTEIN_82	914_74	1.52e-102	92.442	325.0	813	1	172	666	1	171	0.2115621156211562	0.25675675675675674	0.2115621156211562	False	KL127	KL62	prediction	prophage	False	prediction	0.9244199999999999
1248_57	KQS_B1_PHAGE068_M_PROTEIN_82	8.75e-101	89.143	322.0	704	1	172	813	1	175	0.24431818181818182	0.21525215252152521	0.21525215252152521	False	KL23	KL127	prophage	prediction	False	prediction	0.8914300000000001
1441_47	KQS_B1_PHAGE068_M_PROTEIN_82	7.81e-101	89.143	322.0	704	1	172	813	1	175	0.24431818181818182	0.21525215252152521	0.21525215252152521	False	KL23	KL127	prophage	prediction	False	prediction	0.8914300000000001
914_74	1441_47	2.5e-101	95.597	319.0	666	1	159	704	1	159	0.23873873873873874	0.22585227272727273	0.22585227272727273	False	KL62	KL23	prophage	prophage	False	prophage-prophage	0.95597
1248_57	914_74	3.47e-101	95.597	318.0	704	1	159	666	1	159	0.22585227272727273	0.23873873873873874	0.22585227272727273	False	KL23	KL62	prophage	prophage	False	prophage-prophage	0.95597
321_71	KQS_B1_PHAGE068_M_PROTEIN_82	3.83e-99	71.245	317.0	690	1	212	813	1	233	0.3072463768115942	0.2865928659286593	0.2865928659286593	False	KL127	KL127	prophage_notproduced	prediction	True	other	0.71245
WOK01638_1_K62	UPW42726_1_K2	9.35e-98	82.5	315.0	692	1	186	907	1	200	0.26878612716763006	0.2205071664829107	0.2205071664829107	False	KL62	KL2	virulent	virulent	False	virulent-virulent	0.825
YP_009153198_1_KN5	YP_009153202_1_K64	3.71e-40	38.735391932932224	313.4	1193	111	598	996	159	258	0.4090528080469405	0.10040160642570281	0.10040160642570281	False	KN5	KL64	virulent	virulent	False	virulent-virulent	0.3873539193293222
WOK01638_1_K62	QTP95996_1_K13/K2	4.49e-97	82.0	313.0	692	1	186	907	1	200	0.26878612716763006	0.2205071664829107	0.2205071664829107	False	KL62	KL13/K2	virulent	virulent	False	virulent-virulent	0.82
WOK01638_1_K62	YP_009820105_1_K2	4.01e-97	82.0	313.0	692	1	186	907	1	200	0.26878612716763006	0.2205071664829107	0.2205071664829107	False	KL62	KL2	virulent	virulent	False	virulent-virulent	0.82
KPN_B14_PHAGE090_M_PROTEIN_50	391_03	3.77e-97	35.927	312.0	803	221	803	736	151	736	0.726027397260274	0.7961956521739131	0.726027397260274	True	KL24	KL3	prediction	prophage	False	prediction	0.35927
321_71	1248_57	2.89e-98	98.026	311.0	690	1	152	704	1	152	0.22028985507246376	0.2159090909090909	0.2159090909090909	False	KL127	KL23	prophage_notproduced	prophage	False	prophage_notproduced	0.9802599999999999
1441_47	321_71	3.56e-98	98.026	311.0	704	1	152	690	1	152	0.2159090909090909	0.22028985507246376	0.2159090909090909	False	KL23	KL127	prophage	prophage_notproduced	False	prophage_notproduced	0.9802599999999999
1668_49	391_03	4.05e-97	33.188	310.0	702	37	702	736	68	736	0.9487179487179487	0.9089673913043478	0.9089673913043478	True	KL2	KL3	prophage_notproduced	prophage	False	prophage_notproduced	0.33188
WOK01638_1_K62	QUU29414_1_K2	3.2e-95	80.5	308.0	692	1	186	907	1	200	0.26878612716763006	0.2205071664829107	0.2205071664829107	False	KL62	KL2	virulent	virulent	False	virulent-virulent	0.805
1057_41	YP_009153199_1_K25	4.38e-99	34.483	307.0	578	47	576	584	43	582	0.916955017301038	0.9246575342465754	0.916955017301038	True	KL25	KL25	prophage_notproduced	virulent	True	prophage_notproduced	0.34482999999999997
KPN_B14_PHAGE090_M_PROTEIN_50	KPN_B6_PHAGE307_M_PROTEIN_10	4.9699999999999995e-95	35.596	307.0	803	221	803	736	151	736	0.726027397260274	0.7961956521739131	0.726027397260274	True	KL24	KL3	prediction	prediction	False	other	0.35595999999999994
KPN_B4_PHAGE495_M_PROTEIN_46	KPN_B3_PHAGE052_L_PROTEIN_120	8.36e-99	37.262	306.0	603	82	602	574	62	572	0.8640132669983416	0.8902439024390244	0.8640132669983416	True	KL22	KL25	prediction	prediction	False	other	0.37262
KPN_B20_PHAGE048_M_PROTEIN_10	666_83	1.08e-93	46.005	305.0	837	1	385	773	1	401	0.45997610513739545	0.51875808538163	0.45997610513739545	False	KL62	KL116	prediction	prophage_notproduced	False	other	0.46005
0367_12	666_83	2.01e-93	46.005	305.0	851	15	399	773	1	401	0.45240893066980026	0.51875808538163	0.45240893066980026	False	KL62	KL116	prophage	prophage_notproduced	False	prophage_notproduced	0.46005
KPN_B6_PHAGE307_M_PROTEIN_10	KPN_B4_PHAGE180_M_PROTEIN_15	4.15e-95	33.863	305.0	736	125	736	707	102	707	0.8315217391304348	0.8571428571428571	0.8315217391304348	True	KL3	KL24	prediction	prediction	False	other	0.33863
391_03	KPN_B4_PHAGE180_M_PROTEIN_15	1.15e-94	33.333	303.0	736	121	736	707	98	707	0.8369565217391305	0.8628005657708628	0.8369565217391305	True	KL3	KL24	prophage	prediction	False	prediction	0.33332999999999996
YP_009153195_1_KN4	AXE28435_1_KN1	3.62e-93	33.113	302.0	736	138	721	820	229	806	0.7934782608695652	0.7048780487804878	0.7048780487804878	True	KN4	KN1	virulent	virulent	False	virulent-virulent	0.33113
1057_41	KPN_B4_PHAGE495_M_PROTEIN_46	6.3e-97	36.312	302.0	578	65	576	603	82	602	0.8858131487889274	0.8640132669983416	0.8640132669983416	True	KL25	KL22	prophage_notproduced	prediction	False	other	0.36312
KPN_B3_PHAGE052_L_PROTEIN_120	YP_009153199_1_K25	3.23e-97	35.642	302.0	574	92	572	584	103	582	0.837979094076655	0.821917808219178	0.821917808219178	True	KL25	KL25	prediction	virulent	True	prediction	0.35642
KPN_B6_PHAGE307_M_PROTEIN_10	1668_49	4.61e-94	32.606	301.0	736	68	736	702	37	702	0.9089673913043478	0.9487179487179487	0.9089673913043478	True	KL3	KL2	prediction	prophage_notproduced	False	other	0.32606
1921_77	1190_71	1.21e-93	98.621	299.0	701	1	145	695	1	145	0.20684736091298145	0.20863309352517986	0.20684736091298145	False	KL9	KL28	prophage_notproduced	prophage_notproduced	False	other	0.9862099999999999
1921_77	1406_54	3.67e-93	97.931	298.0	701	1	145	695	1	145	0.20684736091298145	0.20863309352517986	0.20684736091298145	False	KL9	KL28	prophage_notproduced	prophage_notproduced	False	other	0.97931
WOK01638_1_K62	YP_009226011_1_K63	1.38e-91	80.095	298.0	692	1	204	883	1	211	0.2947976878612717	0.23895809739524349	0.23895809739524349	False	KL62	KL63	virulent	virulent	False	virulent-virulent	0.8009499999999999
YP_009153195_1_KN4	BBF66844_1_KN1	1.56e-91	32.441	298.0	736	138	721	820	230	806	0.7934782608695652	0.7036585365853658	0.7036585365853658	True	KN4	KN1	virulent	virulent	False	virulent-virulent	0.32441000000000003
391_03	KPN_B13_PHAGE067_M_PROTEIN_74	1.01e-92	34.493	298.0	736	1	671	698	1	641	0.9116847826086957	0.9183381088825215	0.9116847826086957	False	KL3	KL28	prophage	prediction	False	prediction	0.34493
UPW42650_1_K2	YP_009820105_1_K2	2.24e-89	45.205	295.0	763	1	415	907	1	415	0.5439056356487549	0.45755237045203967	0.45755237045203967	False	KL2	KL2	virulent	virulent	True	virulent-virulent	0.45205
1251_37	KPN_B4_PHAGE180_M_PROTEIN_15	5.59e-92	35.843	295.0	677	1	575	707	1	587	0.8493353028064993	0.8302687411598303	0.8302687411598303	False	KL28	KL24	prophage	prediction	False	prediction	0.35843
UPW42650_1_K2	QTP95996_1_K13/K2	5.8999999999999995e-89	44.977	293.0	763	1	415	907	1	415	0.5439056356487549	0.45755237045203967	0.45755237045203967	False	KL2	KL13/K2	virulent	virulent	True	virulent-virulent	0.44976999999999995
UPW42650_1_K2	UPW42726_1_K2	5.62e-88	44.977	291.0	763	1	415	907	1	415	0.5439056356487549	0.45755237045203967	0.45755237045203967	False	KL2	KL2	virulent	virulent	True	virulent-virulent	0.44976999999999995
391_03	1344_72	1.6e-89	34.143	290.0	736	1	671	698	1	648	0.9116847826086957	0.9283667621776505	0.9116847826086957	False	KL3	KL64	prophage	prophage_notproduced	False	prophage_notproduced	0.34143
UPW42650_1_K2	QUU29414_1_K2	6.82e-87	44.977	288.0	763	1	415	907	1	415	0.5439056356487549	0.45755237045203967	0.45755237045203967	False	KL2	KL2	virulent	virulent	True	virulent-virulent	0.44976999999999995
KPN_B6_PHAGE307_M_PROTEIN_10	KPN_B13_PHAGE067_M_PROTEIN_74	1.64e-88	34.021	286.0	736	1	660	698	1	633	0.8967391304347826	0.9068767908309455	0.8967391304347826	False	KL3	KL28	prediction	prediction	False	other	0.34021
WOK01638_1_K62	WNO47121_1_K5	2.1600000000000002e-86	69.915	283.0	692	1	229	857	1	235	0.3309248554913295	0.2742123687281214	0.2742123687281214	False	KL62	KL5	virulent	virulent	False	virulent-virulent	0.69915
WNO47121_1_K5	UPW42726_1_K2	1.48e-84	75.51	283.0	857	1	189	907	1	196	0.220536756126021	0.2160970231532525	0.2160970231532525	False	KL5	KL2	virulent	virulent	False	virulent-virulent	0.7551000000000001
WNO47121_1_K5	QTP95996_1_K13/K2	5.27e-84	75.0	282.0	857	1	189	907	1	196	0.220536756126021	0.2160970231532525	0.2160970231532525	False	KL5	KL13/K2	virulent	virulent	False	virulent-virulent	0.75
WNO47121_1_K5	YP_009820105_1_K2	5.65e-84	75.0	282.0	857	1	189	907	1	196	0.220536756126021	0.2160970231532525	0.2160970231532525	False	KL5	KL2	virulent	virulent	False	virulent-virulent	0.75
YP_009226011_1_K63	WNO47121_1_K5	1.11e-83	82.54	281.0	883	1	189	857	1	189	0.21404303510758776	0.220536756126021	0.21404303510758776	False	KL63	KL5	virulent	virulent	False	virulent-virulent	0.8254
184_43	KPN_B3_PHAGE052_L_PROTEIN_120	1.1e-88	34.335	281.0	639	3	630	574	2	565	0.9827856025039123	0.9825783972125436	0.9825783972125436	True	KL111	KL25	prophage	prediction	False	prediction	0.34335
KPN_B6_PHAGE307_M_PROTEIN_10	1344_72	7.44e-86	33.577	280.0	736	1	660	698	1	633	0.8967391304347826	0.9068767908309455	0.8967391304347826	False	KL3	KL64	prediction	prophage_notproduced	False	other	0.33576999999999996
YP_009153202_1_K64	YP_007007686_1_K54	3.0099999999999998e-61	44.661646153846156	279.1	996	1	263	895	5	345	0.2640562248995984	0.38100558659217876	0.2640562248995984	False	KL64	KL54	virulent	virulent	False	virulent-virulent	0.4466164615384616
KPN_B4_PHAGE495_M_PROTEIN_46	YP_009153199_1_K25	3.4700000000000003e-88	34.325	279.0	603	100	602	584	94	582	0.8341625207296849	0.8373287671232876	0.8341625207296849	True	KL22	KL25	prediction	virulent	False	prediction	0.34325000000000006
WNO47121_1_K5	QUU29414_1_K2	1.25e-81	73.469	275.0	857	1	189	907	1	196	0.220536756126021	0.2160970231532525	0.2160970231532525	False	KL5	KL2	virulent	virulent	False	virulent-virulent	0.73469
KPN_B11_PHAGE013_M_PROTEIN_11	KPN_B20_PHAGE048_M_PROTEIN_10	3.3100000000000002e-80	58.333	271.0	913	1	228	837	1	239	0.2497261774370208	0.2855436081242533	0.2497261774370208	False	KL3	KL62	prediction	prediction	False	other	0.58333
KPN_B11_PHAGE013_M_PROTEIN_11	0367_12	6.26e-80	58.333	271.0	913	1	228	851	15	253	0.2497261774370208	0.2808460634547591	0.2497261774370208	False	KL3	KL62	prediction	prophage	False	prediction	0.58333
KPN_B20_PHAGE048_M_PROTEIN_10	0496_72	2.4e-79	56.8	270.0	837	1	248	968	2	240	0.2962962962962963	0.246900826446281	0.246900826446281	False	KL62	KL122	prediction	prophage	False	prediction	0.568
KPN_B20_PHAGE048_M_PROTEIN_10	KPN_B13_PHAGE002_M_PROTEIN_56	2.39e-79	56.8	270.0	837	1	248	967	1	239	0.2962962962962963	0.24715615305067218	0.24715615305067218	False	KL62	KL122	prediction	prediction	False	other	0.568
KPN_B13_PHAGE002_M_PROTEIN_56	0367_12	5.62e-79	56.8	269.0	967	1	239	851	15	262	0.24715615305067218	0.29142185663924797	0.24715615305067218	False	KL122	KL62	prediction	prophage	False	prediction	0.568
0496_72	0367_12	5.3100000000000003e-79	56.8	269.0	968	2	240	851	15	262	0.246900826446281	0.29142185663924797	0.246900826446281	False	KL122	KL62	prophage	prophage	False	prophage-prophage	0.568
184_43	1057_41	7.18e-84	33.807	268.0	639	3	630	578	5	569	0.9827856025039123	0.9775086505190311	0.9775086505190311	True	KL111	KL25	prophage	prophage_notproduced	False	prophage_notproduced	0.33807000000000004
KPN_B8_PHAGE124_M_PROTEIN_72	1668_49	1.68e-82	98.387	268.0	634	1	124	702	1	124	0.19558359621451105	0.17663817663817663	0.17663817663817663	False	KL111	KL2	prediction	prophage_notproduced	False	other	0.98387
YP_007007686_1_K54	YP_009153198_1_KN5	1.74e-28	35.69897552276114	266.59999999999997	895	85	301	1193	409	306	0.2424581005586592	-0.08549874266554904	-0.08549874266554904	False	KL54	KN5	virulent	virulent	False	virulent-virulent	0.3569897552276114
0496_72	KPN_B14_PHAGE090_M_PROTEIN_50	1.12e-77	56.652	265.0	968	2	234	803	1	231	0.24070247933884298	0.2876712328767123	0.24070247933884298	False	KL122	KL24	prophage	prediction	False	prediction	0.56652
UCR74083_1_K27	KPN_B11_PHAGE013_M_PROTEIN_11	5.01e-76	64.615	265.0	1294	1097	1290	913	718	912	0.14992272024729522	0.21358159912376778	0.14992272024729522	True	KL27	KL3	virulent	prediction	False	prediction	0.64615
KPN_B13_PHAGE002_M_PROTEIN_56	KPN_B14_PHAGE090_M_PROTEIN_50	1.08e-77	56.652	265.0	967	1	233	803	1	231	0.24095139607032057	0.2876712328767123	0.24095139607032057	False	KL122	KL24	prediction	prediction	False	other	0.56652
KQS_B1_PHAGE068_M_PROTEIN_82	1921_77	1.95e-79	77.711	264.0	813	10	175	701	7	169	0.20418204182041821	0.23252496433666192	0.20418204182041821	False	KL127	KL9	prediction	prophage_notproduced	False	other	0.77711
QDF14644_1_K47	BBF66888_1_KN4	5.52e-78	83.766	263.0	793	1	154	850	1	154	0.19419924337957126	0.1811764705882353	0.1811764705882353	False	KL47	KN4	virulent	virulent	False	virulent-virulent	0.8376600000000001
1921_77	914_74	1.2700000000000002e-79	83.333	261.0	701	7	156	666	10	159	0.21398002853067047	0.22522522522522523	0.21398002853067047	False	KL9	KL62	prophage_notproduced	prophage	False	prophage_notproduced	0.83333
BBF66888_1_KN4	AXE28435_1_KN1	4.4500000000000005e-77	60.444	261.0	850	1	213	820	1	225	0.25058823529411767	0.27439024390243905	0.25058823529411767	False	KN4	KN1	virulent	virulent	False	virulent-virulent	0.60444
BBF66888_1_KN4	BBF66867_1_KN3	3.56e-77	66.505	261.0	850	1	188	792	1	199	0.2211764705882353	0.25126262626262624	0.2211764705882353	False	KN4	KN3	virulent	virulent	False	virulent-virulent	0.6650499999999999
APZ82804_1_K30/K69	BBF66888_1_KN4	2.88e-77	67.839	261.0	792	1	199	850	1	188	0.25126262626262624	0.2211764705882353	0.2211764705882353	False	KL30/K69	KN4	virulent	virulent	False	virulent-virulent	0.6783899999999999
BBF66844_1_KN1	BBF66888_1_KN4	7.07e-77	60.0	260.0	820	2	226	850	1	213	0.27439024390243905	0.25058823529411767	0.25058823529411767	False	KN1	KN4	virulent	virulent	False	virulent-virulent	0.6
BBF66888_1_KN4	APZ82847_1_K8	2.46e-77	83.117	260.0	850	1	154	749	1	154	0.1811764705882353	0.205607476635514	0.1811764705882353	False	KN4	KL8	virulent	virulent	False	virulent-virulent	0.8311700000000001
1190_71	1248_57	1.75e-78	88.489	259.0	695	7	145	704	10	148	0.2	0.19744318181818182	0.19744318181818182	False	KL28	KL23	prophage_notproduced	prophage	False	prophage_notproduced	0.8848900000000001
1441_47	1190_71	1.44e-78	88.489	259.0	704	10	148	695	7	145	0.19744318181818182	0.2	0.19744318181818182	False	KL23	KL28	prophage	prophage_notproduced	False	prophage_notproduced	0.8848900000000001
KPN_B14_PHAGE090_M_PROTEIN_50	1631_52	1.28e-76	58.15	259.0	803	1	215	822	1	227	0.26774595267745954	0.2761557177615572	0.26774595267745954	False	KL24	KL10	prediction	prophage_notproduced	False	other	0.5815
BBF66888_1_KN4	ALT58497_1_K47	4.95e-76	81.818	258.0	850	1	154	793	1	154	0.1811764705882353	0.19419924337957126	0.1811764705882353	False	KN4	KL47	virulent	virulent	False	virulent-virulent	0.81818
914_74	1190_71	1.6e-78	87.77	258.0	666	10	148	695	7	145	0.2087087087087087	0.2	0.2	False	KL62	KL28	prophage	prophage_notproduced	False	prophage_notproduced	0.8776999999999999
1441_47	1406_54	4.74e-78	87.77	258.0	704	10	148	695	7	145	0.19744318181818182	0.2	0.19744318181818182	False	KL23	KL28	prophage	prophage_notproduced	False	prophage_notproduced	0.8776999999999999
1248_57	1406_54	4.32e-78	87.77	258.0	704	10	148	695	7	145	0.19744318181818182	0.2	0.19744318181818182	False	KL23	KL28	prophage	prophage_notproduced	False	prophage_notproduced	0.8776999999999999
914_74	1406_54	4.8e-78	87.05	257.0	666	10	148	695	7	145	0.2087087087087087	0.2	0.2	False	KL62	KL28	prophage	prophage_notproduced	False	prophage_notproduced	0.8704999999999999
1190_71	KQS_B1_PHAGE068_M_PROTEIN_82	6.51e-77	87.77	257.0	695	7	145	813	10	148	0.2	0.17097170971709716	0.17097170971709716	False	KL28	KL127	prophage_notproduced	prediction	False	other	0.8776999999999999
666_83	KPN_B14_PHAGE090_M_PROTEIN_50	4.26e-76	55.785	256.0	773	1	241	803	1	228	0.3117723156532988	0.28393524283935245	0.28393524283935245	False	KL116	KL24	prophage_notproduced	prediction	False	other	0.55785
321_71	1190_71	1.09e-77	87.77	256.0	690	10	148	695	7	145	0.20144927536231885	0.2	0.2	False	KL127	KL28	prophage_notproduced	prophage_notproduced	False	other	0.8776999999999999
KPN_B14_PHAGE090_M_PROTEIN_50	0391_11	1.58e-75	52.273	256.0	803	1	249	839	2	264	0.31008717310087175	0.3134684147794994	0.31008717310087175	False	KL24	KL62	prediction	prophage	False	prediction	0.52273
321_71	1406_54	3.85e-77	87.05	255.0	690	10	148	695	7	145	0.20144927536231885	0.2	0.2	False	KL127	KL28	prophage_notproduced	prophage_notproduced	False	other	0.8704999999999999
KQS_B1_PHAGE068_M_PROTEIN_82	1406_54	2.72e-76	87.05	255.0	813	10	148	695	7	145	0.17097170971709716	0.2	0.17097170971709716	False	KL127	KL28	prediction	prophage_notproduced	False	other	0.8704999999999999
1057_41	KPN_B8_PHAGE124_M_PROTEIN_72	1.95e-78	33.058	254.0	578	12	553	634	10	609	0.9377162629757786	0.9463722397476341	0.9377162629757786	True	KL25	KL111	prophage_notproduced	prediction	False	other	0.33058
KPN_B8_PHAGE124_M_PROTEIN_72	KPN_B3_PHAGE052_L_PROTEIN_120	1.72e-78	36.632	254.0	634	155	625	574	102	565	0.7429022082018928	0.8083623693379791	0.7429022082018928	True	KL111	KL25	prediction	prediction	False	other	0.36632
321_71	1921_77	5.9400000000000005e-77	85.315	254.0	690	10	152	701	7	149	0.2072463768115942	0.20399429386590584	0.20399429386590584	False	KL127	KL9	prophage_notproduced	prophage_notproduced	False	other	0.85315
QOV05454_1_K64	KQQ_B1_PHAGE040_M_PROTEIN_36	7.76e-73	29.806	253.0	1017	188	943	872	63	805	0.7433628318584071	0.8520642201834863	0.7433628318584071	False	KL64	KL14	virulent	prediction	False	prediction	0.29806
0574_17	QOV05454_1_K64	7.88e-73	29.858	253.0	873	64	806	1017	188	943	0.8510882016036655	0.7433628318584071	0.7433628318584071	False	KL14	KL64	prophage	virulent	False	prophage-virulent	0.29858
1855_60	KPN_B3_PHAGE052_L_PROTEIN_120	1.0900000000000002e-79	37.263	253.0	503	24	494	574	102	565	0.9363817097415507	0.8083623693379791	0.8083623693379791	True	KL25	KL25	prophage_notproduced	prediction	True	other	0.37262999999999996
KPN_B4_PHAGE495_M_PROTEIN_46	279_60	5.660000000000001e-79	36.595	253.0	603	102	601	504	10	500	0.8291873963515755	0.9742063492063492	0.8291873963515755	True	KL22	KL25	prediction	prophage_notproduced	False	other	0.36595
YP_009797016_1_K64	0574_17	1.47e-72	29.677	252.0	1017	188	943	873	64	806	0.7433628318584071	0.8510882016036655	0.7433628318584071	False	KL64	KL14	virulent	prophage	False	prophage-virulent	0.29677
YP_009797016_1_K64	KQQ_B1_PHAGE040_M_PROTEIN_36	1.7200000000000002e-72	29.677	251.0	1017	188	943	872	63	805	0.7433628318584071	0.8520642201834863	0.7433628318584071	False	KL64	KL14	virulent	prediction	False	prediction	0.29677
BBF66888_1_KN4	AOZ65519_1_K57	1.3400000000000001e-73	79.221	251.0	850	1	154	843	1	154	0.1811764705882353	0.1826809015421115	0.1811764705882353	False	KN4	KL57	virulent	virulent	False	virulent-virulent	0.7922100000000001
1815_56	KPN_B14_PHAGE090_M_PROTEIN_50	1.5600000000000002e-72	55.187	249.0	937	1	240	803	1	229	0.256136606189968	0.2851805728518057	0.256136606189968	False	KL4	KL24	prophage_notproduced	prediction	False	other	0.55187
BBF66888_1_KN4	YP_003347555_1_K3	5.93e-72	79.221	248.0	850	1	154	869	1	154	0.1811764705882353	0.17721518987341772	0.17721518987341772	False	KN4	KL3	virulent	virulent	False	virulent-virulent	0.7922100000000001
UPW42650_1_K2	WOK01638_1_K62	5.910000000000001e-73	60.714	245.0	763	1	224	692	1	203	0.29357798165137616	0.29335260115606937	0.29335260115606937	False	KL2	KL62	virulent	virulent	False	virulent-virulent	0.60714
KPN_B11_PHAGE329_M_PROTEIN_7	0574_17	1.32e-69	28.88	244.0	1050	291	1050	873	129	871	0.7238095238095238	0.8510882016036655	0.7238095238095238	True	KL64	KL14	prediction	prophage	False	prediction	0.2888
KPN_B7_PHAGE164_M_PROTEIN_57	KPN_B3_PHAGE052_L_PROTEIN_120	1.4100000000000001e-73	35.048	244.0	803	276	794	574	51	565	0.6463262764632628	0.8972125435540069	0.6463262764632628	True	KL25	KL25	prediction	prediction	True	other	0.35048
KQQ_B1_PHAGE040_M_PROTEIN_36	KPN_B11_PHAGE329_M_PROTEIN_7	7.9e-70	28.88	244.0	872	128	870	1050	291	1050	0.8520642201834863	0.7238095238095238	0.7238095238095238	True	KL14	KL64	prediction	prediction	False	other	0.2888
1057_41	1855_60	5.05e-76	37.391	244.0	578	105	553	503	24	478	0.7768166089965398	0.904572564612326	0.7768166089965398	True	KL25	KL25	prophage_notproduced	prophage_notproduced	True	other	0.37390999999999996
YP_009153202_1_K64	0574_17	8.62e-70	26.976	244.0	996	230	996	873	114	871	0.7700803212851406	0.868270332187858	0.7700803212851406	True	KL64	KL14	virulent	prophage	False	prophage-virulent	0.26976
YP_009153202_1_K64	KQQ_B1_PHAGE040_M_PROTEIN_36	7.590000000000001e-70	26.976	244.0	996	230	996	872	113	870	0.7700803212851406	0.8692660550458715	0.7700803212851406	True	KL64	KL14	virulent	prediction	False	prediction	0.26976
KPN_B13_PHAGE002_M_PROTEIN_56	YP_009153200_1_K35	8.87e-69	27.873	239.0	967	235	966	779	98	770	0.7569803516028956	0.8639281129653402	0.7569803516028956	True	KL122	KL35	prediction	virulent	False	prediction	0.27873000000000003
0496_72	YP_009153200_1_K35	9.139999999999999e-69	27.873	239.0	968	236	967	779	98	770	0.756198347107438	0.8639281129653402	0.756198347107438	True	KL122	KL35	prophage	virulent	False	prophage-virulent	0.27873000000000003
1850_66	453_72	2.0799999999999998e-68	72.455	238.0	984	1	165	762	1	159	0.1676829268292683	0.20866141732283464	0.1676829268292683	False	KL36	KL14	prophage_notproduced	prophage_notproduced	False	other	0.72455
YP_009153203_1_K30/K69	YP_007007686_1_K54	6.79e-50	40.92652316076294	237.5	767	1	307	895	5	369	0.4002607561929596	0.40782122905027934	0.4002607561929596	False	KL30/K69	KL54	virulent	virulent	False	virulent-virulent	0.4092652316076294
1343_36	1251_37	6.49e-70	63.542	237.0	795	1	184	677	1	188	0.23144654088050315	0.2776957163958641	0.23144654088050315	False	KL64	KL28	prophage_notproduced	prophage	False	prophage_notproduced	0.63542
1850_66	KPN_B20_PHAGE026_M_PROTEIN_2	1.4599999999999999e-67	71.856	235.0	984	1	165	762	1	159	0.1676829268292683	0.20866141732283464	0.1676829268292683	False	KL36	KL14	prophage_notproduced	prediction	False	other	0.71856
YP_009153199_1_K25	279_60	1.43e-72	35.976	235.0	584	103	577	504	17	496	0.8133561643835616	0.9523809523809523	0.8133561643835616	True	KL25	KL25	virulent	prophage_notproduced	True	prophage_notproduced	0.35975999999999997
YP_009153198_1_KN5	YP_009153203_1_K30/K69	5.540000000000001e-37	39.22690033930403	234.6	1193	190	597	767	167	266	0.34199497066219614	0.1303780964797914	0.1303780964797914	False	KN5	KL30/K69	virulent	virulent	False	virulent-virulent	0.3922690033930403
184_43	KPN_B4_PHAGE495_M_PROTEIN_46	7.370000000000001e-71	34.644	234.0	639	118	632	603	79	597	0.8059467918622848	0.8606965174129353	0.8059467918622848	True	KL111	KL22	prophage	prediction	False	prediction	0.34643999999999997
1057_41	KPN_B7_PHAGE164_M_PROTEIN_57	1.45e-69	35.808	233.0	578	105	553	803	326	778	0.7768166089965398	0.564134495641345	0.564134495641345	True	KL25	KL25	prophage_notproduced	prediction	True	other	0.35808
UPW42650_1_K2	WNO47121_1_K5	8.149999999999999e-67	61.058	231.0	763	1	208	857	1	194	0.272608125819135	0.22637106184364061	0.22637106184364061	False	KL2	KL5	virulent	virulent	False	virulent-virulent	0.61058
YP_009153202_1_K64	YP_009153203_1_K30/K69	7.2e-66	41.892	230.0	996	1	286	767	1	295	0.28714859437751006	0.38461538461538464	0.28714859437751006	False	KL64	KL30/K69	virulent	virulent	False	virulent-virulent	0.41892
279_60	KPN_B3_PHAGE052_L_PROTEIN_120	4.0500000000000005e-70	34.879	228.0	504	15	497	574	90	568	0.9583333333333334	0.8344947735191638	0.8344947735191638	True	KL25	KL25	prophage_notproduced	prediction	True	other	0.34879
1057_41	279_60	5.98e-70	34.879	228.0	578	93	572	504	15	497	0.8304498269896193	0.9583333333333334	0.8304498269896193	True	KL25	KL25	prophage_notproduced	prophage_notproduced	True	other	0.34879
KPN_B4_PHAGE495_M_PROTEIN_46	KPN_B8_PHAGE124_M_PROTEIN_72	2.2099999999999998e-68	34.644	228.0	603	79	597	634	113	627	0.8606965174129353	0.8123028391167192	0.8123028391167192	True	KL22	KL111	prediction	prediction	False	other	0.34643999999999997
1343_36	434_33	5.84e-65	74.342	226.0	795	1	152	859	1	146	0.19119496855345913	0.16996507566938301	0.16996507566938301	False	KL64	KL52	prophage_notproduced	prophage	False	prophage_notproduced	0.74342
1855_60	279_60	1.4199999999999999e-69	34.961	225.0	503	8	501	504	10	501	0.9821073558648111	0.9761904761904762	0.9761904761904762	True	KL25	KL25	prophage_notproduced	prophage_notproduced	True	other	0.34961
1855_60	KPN_B4_PHAGE495_M_PROTEIN_46	1.1799999999999998e-68	33.592	225.0	503	1	496	603	95	597	0.9860834990059643	0.8341625207296849	0.8341625207296849	True	KL25	KL22	prophage_notproduced	prediction	False	other	0.33592
1855_60	YP_009153199_1_K25	8.11e-68	33.13	222.0	503	14	500	584	102	581	0.9681908548707754	0.821917808219178	0.821917808219178	True	KL25	KL25	prophage_notproduced	virulent	True	prophage_notproduced	0.33130000000000004
KPN_B8_PHAGE124_M_PROTEIN_72	YP_009153199_1_K25	1.72e-66	32.927	222.0	634	145	631	584	102	581	0.7681388012618297	0.821917808219178	0.7681388012618297	True	KL111	KL25	prediction	virulent	False	prediction	0.32927
1251_37	434_33	6.870000000000001e-64	73.026	221.0	677	1	152	859	1	146	0.22451994091580502	0.16996507566938301	0.16996507566938301	False	KL28	KL52	prophage	prophage	False	prophage-prophage	0.7302599999999999
184_43	YP_009153199_1_K25	3.36e-65	32.317	219.0	639	150	636	584	102	581	0.7621283255086072	0.821917808219178	0.7621283255086072	True	KL111	KL25	prophage	virulent	False	prophage-virulent	0.32317
248_38	184_43	1.2800000000000001e-64	88.235	219.0	693	1	136	639	1	136	0.19624819624819625	0.21283255086071987	0.19624819624819625	False	KL46	KL111	prophage	prophage	False	prophage-prophage	0.88235
184_43	279_60	5.09e-66	34.51	219.0	639	146	637	504	12	501	0.7699530516431925	0.9722222222222222	0.7699530516431925	True	KL111	KL25	prophage	prophage_notproduced	False	prophage_notproduced	0.34509999999999996
AXE28435_1_KN1	QDF14644_1_K47	1.62e-62	69.481	219.0	820	1	154	793	1	154	0.1878048780487805	0.19419924337957126	0.1878048780487805	False	KN1	KL47	virulent	virulent	False	virulent-virulent	0.6948099999999999
KPN_B8_PHAGE124_M_PROTEIN_72	279_60	2.62e-66	34.57	219.0	634	139	632	504	10	501	0.7791798107255521	0.9761904761904762	0.7791798107255521	True	KL111	KL25	prediction	prophage_notproduced	False	other	0.3457
AXE28435_1_KN1	APZ82804_1_K30/K69	3.31e-62	69.481	218.0	820	1	154	792	1	154	0.1878048780487805	0.19444444444444445	0.1878048780487805	False	KN1	KL30/K69	virulent	virulent	False	virulent-virulent	0.6948099999999999
ALT58497_1_K47	AXE28435_1_KN1	2.6e-62	70.13	218.0	793	1	154	820	1	154	0.19419924337957126	0.1878048780487805	0.1878048780487805	False	KL47	KN1	virulent	virulent	False	virulent-virulent	0.7012999999999999
BBF66844_1_KN1	QDF14644_1_K47	6.29e-62	68.831	217.0	820	2	155	793	1	154	0.1878048780487805	0.19419924337957126	0.1878048780487805	False	KN1	KL47	virulent	virulent	False	virulent-virulent	0.68831
AXE28435_1_KN1	BBF66867_1_KN3	1.27e-61	69.481	216.0	820	1	154	792	1	154	0.1878048780487805	0.19444444444444445	0.1878048780487805	False	KN1	KN3	virulent	virulent	False	virulent-virulent	0.6948099999999999
AOZ65519_1_K57	YP_009797016_1_K64	1.35e-60	43.881	216.0	843	1	334	1017	1	304	0.3962040332147094	0.29891838741396265	0.29891838741396265	False	KL57	KL64	virulent	virulent	False	virulent-virulent	0.43881
BBF66867_1_KN3	BBF66844_1_KN1	2.3799999999999998e-61	68.831	216.0	792	1	154	820	2	155	0.19444444444444445	0.1878048780487805	0.1878048780487805	False	KN3	KN1	virulent	virulent	False	virulent-virulent	0.68831
QOV05454_1_K64	AOZ65519_1_K57	1.7e-60	43.881	216.0	1017	1	304	843	1	334	0.29891838741396265	0.3962040332147094	0.29891838741396265	False	KL64	KL57	virulent	virulent	False	virulent-virulent	0.43881
ALT58497_1_K47	BBF66844_1_KN1	3.99e-61	68.831	215.0	793	1	154	820	2	155	0.19419924337957126	0.1878048780487805	0.1878048780487805	False	KL47	KN1	virulent	virulent	False	virulent-virulent	0.68831
APZ82804_1_K30/K69	BBF66844_1_KN1	3.7099999999999996e-61	68.182	215.0	792	1	154	820	2	155	0.19444444444444445	0.1878048780487805	0.1878048780487805	False	KL30/K69	KN1	virulent	virulent	False	virulent-virulent	0.68182
184_43	1251_37	8.68e-63	67.722	214.0	639	1	154	677	1	158	0.24100156494522693	0.23338257016248154	0.23338257016248154	False	KL111	KL28	prophage	prophage	False	prophage-prophage	0.6772199999999999
APZ82847_1_K8	AXE28435_1_KN1	3.27e-61	68.831	214.0	749	1	154	820	1	154	0.205607476635514	0.1878048780487805	0.1878048780487805	False	KL8	KN1	virulent	virulent	False	virulent-virulent	0.68831
AOZ65519_1_K57	BBF66844_1_KN1	2.0799999999999998e-60	68.182	214.0	843	1	154	820	2	155	0.1826809015421115	0.1878048780487805	0.1826809015421115	False	KL57	KN1	virulent	virulent	False	virulent-virulent	0.68182
AXE28435_1_KN1	AOZ65519_1_K57	2.67e-60	68.182	213.0	820	1	154	843	1	154	0.1878048780487805	0.1826809015421115	0.1826809015421115	False	KN1	KL57	virulent	virulent	False	virulent-virulent	0.68182
APZ82804_1_K30/K69	QOV05454_1_K64	8.259999999999999e-60	44.923	213.0	792	1	317	1017	1	296	0.40025252525252525	0.2910521140609636	0.2910521140609636	False	KL30/K69	KL64	virulent	virulent	False	virulent-virulent	0.44923
YP_003347555_1_K3	AXE28435_1_KN1	1.8700000000000001e-59	58.763	211.0	869	1	193	820	1	193	0.22209436133486765	0.23536585365853657	0.22209436133486765	False	KL3	KN1	virulent	virulent	False	virulent-virulent	0.58763
APZ82847_1_K8	BBF66844_1_KN1	4.4199999999999996e-60	68.874	211.0	749	1	151	820	2	152	0.20160213618157544	0.18414634146341463	0.18414634146341463	False	KL8	KN1	virulent	virulent	False	virulent-virulent	0.6887399999999999
1723_59	KPN_B20_PHAGE487_M_PROTEIN_8	1.0200000000000001e-58	25.791	211.0	951	1	950	880	1	878	0.9989484752891693	0.9977272727272727	0.9977272727272727	True	KL60	KL64	prophage	prediction	False	prediction	0.25791000000000003
APZ82804_1_K30/K69	YP_009797016_1_K64	2.7700000000000002e-59	44.615	211.0	792	1	317	1017	1	296	0.40025252525252525	0.2910521140609636	0.2910521140609636	False	KL30/K69	KL64	virulent	virulent	False	virulent-virulent	0.44615000000000005
YP_003347555_1_K3	BBF66844_1_KN1	4.56e-59	58.247	210.0	869	1	193	820	2	194	0.22209436133486765	0.23536585365853657	0.22209436133486765	False	KL3	KN1	virulent	virulent	False	virulent-virulent	0.58247
1723_59	1091_44	1.13e-58	25.791	210.0	951	1	950	880	1	878	0.9989484752891693	0.9977272727272727	0.9977272727272727	True	KL60	KL64	prophage	prophage	False	prophage-prophage	0.25791000000000003
ALT58497_1_K47	QOV05454_1_K64	8.740000000000001e-59	42.246	210.0	793	1	359	1017	1	340	0.4527112232030265	0.3343166175024582	0.3343166175024582	False	KL47	KL64	virulent	virulent	False	virulent-virulent	0.42246
248_38	1251_37	1.3e-60	78.295	209.0	693	1	129	677	1	129	0.18614718614718614	0.19054652880354506	0.18614718614718614	False	KL46	KL28	prophage	prophage	False	prophage-prophage	0.78295
ALT58497_1_K47	YP_009797016_1_K64	2.6900000000000003e-58	41.979	208.0	793	1	359	1017	1	340	0.4527112232030265	0.3343166175024582	0.3343166175024582	False	KL47	KL64	virulent	virulent	False	virulent-virulent	0.41979
KPN_B7_PHAGE164_M_PROTEIN_57	YP_009153199_1_K25	3.56e-60	31.837	208.0	803	316	800	584	102	581	0.6039850560398505	0.821917808219178	0.6039850560398505	True	KL25	KL25	prediction	virulent	True	prediction	0.31837
QDF14644_1_K47	QOV05454_1_K64	9.67e-58	41.979	207.0	793	1	359	1017	1	340	0.4527112232030265	0.3343166175024582	0.3343166175024582	False	KL47	KL64	virulent	virulent	False	virulent-virulent	0.41979
738_68	1724_71	2.68e-58	56.566	206.0	742	2	170	843	1	195	0.22776280323450135	0.2313167259786477	0.22776280323450135	False	KL143	KL60	prophage	prophage	False	prophage-prophage	0.56566
QDF14644_1_K47	YP_009797016_1_K64	3.31e-57	41.711	205.0	793	1	359	1017	1	340	0.4527112232030265	0.3343166175024582	0.3343166175024582	False	KL47	KL64	virulent	virulent	False	virulent-virulent	0.41711
1663_69	1344_72	1.09e-58	70.47	205.0	745	1	149	698	1	148	0.2	0.21203438395415472	0.2	False	KL12	KL64	prophage_notproduced	prophage_notproduced	False	other	0.7047
KPN_B13_PHAGE067_M_PROTEIN_74	1663_69	9.37e-59	70.47	205.0	698	1	148	745	1	149	0.21203438395415472	0.2	0.2	False	KL28	KL12	prediction	prophage_notproduced	False	other	0.7047
184_43	434_33	2.61e-58	74.265	204.0	639	1	134	859	1	136	0.20970266040688576	0.15832363213038417	0.15832363213038417	False	KL111	KL52	prophage	prophage	False	prophage-prophage	0.74265
KPN_B7_PHAGE164_M_PROTEIN_57	KPN_B4_PHAGE495_M_PROTEIN_46	1.6300000000000002e-58	32.959	204.0	803	284	796	603	79	597	0.638854296388543	0.8606965174129353	0.638854296388543	True	KL25	KL22	prediction	prediction	False	other	0.32959000000000005
1663_69	391_03	4.27e-58	64.968	204.0	745	1	146	736	1	156	0.1959731543624161	0.21195652173913043	0.1959731543624161	False	KL12	KL3	prophage_notproduced	prophage	False	prophage_notproduced	0.64968
YP_003347555_1_K3	QOV05454_1_K64	2.3300000000000003e-56	46.075	204.0	869	1	289	1017	1	272	0.33256616800920596	0.26745329400196655	0.26745329400196655	False	KL3	KL64	virulent	virulent	False	virulent-virulent	0.46075000000000005
1343_36	KPN_B4_PHAGE180_M_PROTEIN_15	1.8e-57	60.736	202.0	795	1	163	707	1	163	0.2050314465408805	0.23055162659123055	0.2050314465408805	False	KL64	KL24	prophage_notproduced	prediction	False	other	0.60736
YP_003347555_1_K3	YP_009797016_1_K64	8.26e-56	45.734	202.0	869	1	289	1017	1	272	0.33256616800920596	0.26745329400196655	0.26745329400196655	False	KL3	KL64	virulent	virulent	False	virulent-virulent	0.45734
QOV05454_1_K64	BBF66867_1_KN3	1.0099999999999999e-55	64.744	201.0	1017	1	156	792	1	156	0.15339233038348082	0.19696969696969696	0.15339233038348082	False	KL64	KN3	virulent	virulent	False	virulent-virulent	0.64744
248_38	434_33	1.26e-56	75.591	201.0	693	1	127	859	1	127	0.18326118326118326	0.1478463329452852	0.1478463329452852	False	KL46	KL52	prophage	prophage	False	prophage-prophage	0.75591
1724_71	KPN_B13_PHAGE067_M_PROTEIN_74	1.25e-56	47.951	201.0	843	98	324	698	58	280	0.269276393831554	0.3194842406876791	0.269276393831554	False	KL60	KL28	prophage	prediction	False	prediction	0.47951
BBF66867_1_KN3	YP_009797016_1_K64	2.19e-55	64.103	200.0	792	1	156	1017	1	156	0.19696969696969696	0.15339233038348082	0.15339233038348082	False	KN3	KL64	virulent	virulent	False	virulent-virulent	0.64103
ATI16495_1_K57	ATS92567_1_K2	3.26e-57	70.673	200.0	721	1	200	668	1	203	0.27739251040221913	0.30389221556886226	0.27739251040221913	False	KL57	KL2	virulent	virulent	False	virulent-virulent	0.70673
BBF66888_1_KN4	QOV05454_1_K64	2.52e-55	69.863	200.0	850	1	146	1017	1	146	0.17176470588235293	0.14355948869223206	0.14355948869223206	False	KN4	KL64	virulent	virulent	False	virulent-virulent	0.69863
1663_69	KPN_B6_PHAGE307_M_PROTEIN_10	3.58e-56	64.331	199.0	745	1	146	736	1	156	0.1959731543624161	0.21195652173913043	0.1959731543624161	False	KL12	KL3	prophage_notproduced	prediction	False	other	0.64331
BBF66888_1_KN4	YP_009797016_1_K64	6.2599999999999994e-55	69.178	199.0	850	1	146	1017	1	146	0.17176470588235293	0.14355948869223206	0.14355948869223206	False	KN4	KL64	virulent	virulent	False	virulent-virulent	0.69178
706_38	319_37	3.78e-56	64.189	199.0	741	1	148	794	1	148	0.19973009446693657	0.18639798488664988	0.18639798488664988	False	KL2	KL127	prophage_notproduced	prophage	False	prophage_notproduced	0.64189
706_38	KVV_B1_PHAGE226_M_PROTEIN_38	4.54e-58	64.189	198.0	741	1	148	466	1	148	0.19973009446693657	0.31759656652360513	0.19973009446693657	False	KL2	KL127	prophage_notproduced	prediction	False	other	0.64189
APZ82847_1_K8	QOV05454_1_K64	1.31e-54	56.831	197.0	749	1	183	1017	1	181	0.24432576769025366	0.17797443461160276	0.17797443461160276	False	KL8	KL64	virulent	virulent	False	virulent-virulent	0.56831
QJI52632_K13/K2	UPW42650_1_K2	9.21e-57	29.806	197.0	577	20	576	763	211	763	0.9653379549393414	0.7247706422018348	0.7247706422018348	True	KL13/K2	KL2	virulent	virulent	True	virulent-virulent	0.29806
1723_62	YP_009153197_1_K11	5.63e-56	29.421	196.0	629	1	625	702	108	700	0.9936406995230525	0.8447293447293447	0.8447293447293447	True	KL60	KL11	prophage_notproduced	virulent	False	prophage_notproduced	0.29420999999999997
1723_59	1343_36	4.7899999999999993e-54	26.52	196.0	951	225	950	795	60	793	0.7634069400630915	0.9232704402515723	0.7634069400630915	True	KL60	KL64	prophage	prophage_notproduced	False	prophage_notproduced	0.2652
APZ82768_1_K13/K2	UPW42650_1_K2	2.47e-56	29.982	196.0	577	20	576	763	211	763	0.9653379549393414	0.7247706422018348	0.7247706422018348	True	KL13/K2	KL2	virulent	virulent	True	virulent-virulent	0.29982
184_43	319_37	1.6699999999999998e-55	64.865	196.0	639	1	148	794	1	148	0.23161189358372458	0.18639798488664988	0.18639798488664988	False	KL111	KL127	prophage	prophage	False	prophage-prophage	0.64865
APZ82847_1_K8	YP_009797016_1_K64	4.1499999999999995e-54	56.284	195.0	749	1	183	1017	1	181	0.24432576769025366	0.17797443461160276	0.17797443461160276	False	KL8	KL64	virulent	virulent	False	virulent-virulent	0.56284
BBF66844_1_KN1	YP_009797016_1_K64	2.4e-53	60.588	194.0	820	2	171	1017	1	170	0.2073170731707317	0.1671583087512291	0.1671583087512291	False	KN1	KL64	virulent	virulent	False	virulent-virulent	0.60588
184_43	KVV_B1_PHAGE226_M_PROTEIN_38	3.98e-57	64.189	194.0	639	1	148	466	1	148	0.23161189358372458	0.31759656652360513	0.23161189358372458	False	KL111	KL127	prophage	prediction	False	prediction	0.64189
REC_015_PROTEIN_54_KL2	UPW42650_1_K2	8.36e-56	29.329	194.0	577	20	576	763	211	763	0.9653379549393414	0.7247706422018348	0.7247706422018348	True	KL2	KL2	virulent	virulent	True	virulent-virulent	0.29329
KQQ_B1_PHAGE040_M_PROTEIN_36	706_38	5.44e-54	61.728	194.0	872	1	156	741	1	162	0.17889908256880735	0.21862348178137653	0.17889908256880735	False	KL14	KL2	prediction	prophage_notproduced	False	other	0.61728
0574_17	706_38	5.91e-54	61.728	194.0	873	2	157	741	1	162	0.17869415807560138	0.21862348178137653	0.17869415807560138	False	KL14	KL2	prophage	prophage_notproduced	False	prophage_notproduced	0.61728
BBF66844_1_KN1	QOV05454_1_K64	2.73e-53	60.588	194.0	820	2	171	1017	1	170	0.2073170731707317	0.1671583087512291	0.1671583087512291	False	KN1	KL64	virulent	virulent	False	virulent-virulent	0.60588
YP_009797016_1_K64	AXE28435_1_KN1	5.43e-53	60.588	193.0	1017	1	170	820	1	170	0.1671583087512291	0.2073170731707317	0.1671583087512291	False	KL64	KN1	virulent	virulent	False	virulent-virulent	0.60588
1343_36	319_37	9.019999999999999e-54	72.093	193.0	795	1	129	794	1	129	0.16226415094339622	0.1624685138539043	0.16226415094339622	False	KL64	KL127	prophage_notproduced	prophage	False	prophage_notproduced	0.7209300000000001
AXE28435_1_KN1	QOV05454_1_K64	4.75e-53	60.588	193.0	820	1	170	1017	1	170	0.2073170731707317	0.1671583087512291	0.1671583087512291	False	KN1	KL64	virulent	virulent	False	virulent-virulent	0.60588
1344_72	1724_71	7.69e-54	75.0	192.0	698	58	177	843	98	217	0.17191977077363896	0.1423487544483986	0.1423487544483986	False	KL64	KL60	prophage_notproduced	prophage	False	prophage_notproduced	0.75
0574_17	KPN_B4_PHAGE180_M_PROTEIN_15	1.74e-53	70.149	192.0	873	2	133	707	1	134	0.15120274914089346	0.18953323903818953	0.15120274914089346	False	KL14	KL24	prophage	prediction	False	prediction	0.7014900000000001
KQQ_B1_PHAGE040_M_PROTEIN_36	KPN_B4_PHAGE180_M_PROTEIN_15	1.8e-53	70.149	192.0	872	1	132	707	1	134	0.15137614678899083	0.18953323903818953	0.15137614678899083	False	KL14	KL24	prediction	prediction	False	other	0.7014900000000001
1343_36	KVV_B1_PHAGE226_M_PROTEIN_38	1.84e-55	71.318	192.0	795	1	129	466	1	129	0.16226415094339622	0.27682403433476394	0.16226415094339622	False	KL64	KL127	prophage_notproduced	prediction	False	other	0.7131799999999999
319_37	KPN_B4_PHAGE180_M_PROTEIN_15	2.31e-53	74.59	191.0	794	1	122	707	1	122	0.15365239294710328	0.17256011315417255	0.15365239294710328	False	KL127	KL24	prophage	prediction	False	prediction	0.7459
YP_009153201_1_K1	YP_009153202_1_K64	1.3399999999999998e-34	37.992337748344376	190.1	888	1	314	996	84	311	0.3536036036036036	0.2289156626506024	0.2289156626506024	False	KL1	KL64	virulent	virulent	False	virulent-virulent	0.37992337748344374
1538_54	KPN_B14_PHAGE090_M_PROTEIN_50	2.48e-38	35.290822622107974	189.7	900	1	465	803	1	373	0.5166666666666667	0.46450809464508097	0.46450809464508097	False	KL140	KL24	prophage_notproduced	prediction	False	other	0.35290822622107976
KPN_B14_PHAGE090_M_PROTEIN_50	1723_59	2.7299999999999998e-40	38.30966447368421	189.6	803	1	263	951	1	330	0.3275217932752179	0.3470031545741325	0.3275217932752179	False	KL24	KL60	prediction	prophage	False	prediction	0.3830966447368421
319_37	434_33	5.01e-52	65.714	189.0	794	1	139	859	1	140	0.17506297229219145	0.1629802095459837	0.1629802095459837	False	KL127	KL52	prophage	prophage	False	prophage-prophage	0.65714
KQQ_B1_PHAGE040_M_PROTEIN_36	319_37	5.1e-52	72.093	189.0	872	1	127	794	1	129	0.14564220183486237	0.1624685138539043	0.14564220183486237	False	KL14	KL127	prediction	prophage	False	prediction	0.7209300000000001
0574_17	319_37	5.0899999999999994e-52	72.093	189.0	873	2	128	794	1	129	0.145475372279496	0.1624685138539043	0.145475372279496	False	KL14	KL127	prophage	prophage	False	prophage-prophage	0.7209300000000001
KPN_B4_PHAGE180_M_PROTEIN_15	434_33	1.74e-52	69.63	189.0	707	1	135	859	1	135	0.19094766619519093	0.15715948777648428	0.15715948777648428	False	KL24	KL52	prediction	prophage	False	prediction	0.6962999999999999
YP_003347555_1_K3	KPN_B11_PHAGE013_M_PROTEIN_11	7.93e-52	29.91	189.0	869	290	835	913	298	813	0.6283084004602992	0.5651697699890471	0.5651697699890471	False	KL3	KL3	virulent	prediction	True	prediction	0.2991
KQQ_B1_PHAGE040_M_PROTEIN_36	KVV_B1_PHAGE226_M_PROTEIN_38	8.579999999999999e-54	72.093	188.0	872	1	127	466	1	129	0.14564220183486237	0.27682403433476394	0.14564220183486237	False	KL14	KL127	prediction	prediction	False	other	0.7209300000000001
0574_17	KVV_B1_PHAGE226_M_PROTEIN_38	7.909999999999999e-54	72.093	188.0	873	2	128	466	1	129	0.145475372279496	0.27682403433476394	0.145475372279496	False	KL14	KL127	prophage	prediction	False	prediction	0.7209300000000001
248_38	319_37	4.64e-52	62.162	187.0	693	1	148	794	1	148	0.21356421356421357	0.18639798488664988	0.18639798488664988	False	KL46	KL127	prophage	prophage	False	prophage-prophage	0.62162
KVV_B1_PHAGE226_M_PROTEIN_38	434_33	5.1299999999999994e-54	65.714	187.0	466	1	139	859	1	140	0.2982832618025751	0.1629802095459837	0.1629802095459837	False	KL127	KL52	prediction	prophage	False	prediction	0.65714
KPN_B4_PHAGE180_M_PROTEIN_15	KVV_B1_PHAGE226_M_PROTEIN_38	1.24e-53	72.951	186.0	707	1	122	466	1	122	0.17256011315417255	0.26180257510729615	0.17256011315417255	False	KL24	KL127	prediction	prediction	False	other	0.7295099999999999
KQQ_B1_PHAGE040_M_PROTEIN_36	434_33	1.08e-50	67.164	186.0	872	1	132	859	1	134	0.15137614678899083	0.1559953434225844	0.15137614678899083	False	KL14	KL52	prediction	prophage	False	prediction	0.67164
KPN_B7_PHAGE164_M_PROTEIN_57	279_60	6.02e-53	32.353	186.0	803	312	801	504	12	501	0.6102117061021171	0.9722222222222222	0.6102117061021171	True	KL25	KL25	prediction	prophage_notproduced	True	other	0.32353000000000004
KPN_B4_PHAGE180_M_PROTEIN_15	706_38	4.749999999999999e-52	70.866	186.0	707	1	127	741	1	127	0.17963224893917965	0.17139001349527666	0.17139001349527666	False	KL24	KL2	prediction	prophage_notproduced	False	other	0.70866
1343_36	184_43	5.17e-52	77.519	186.0	795	1	129	639	1	129	0.16226415094339622	0.20187793427230047	0.16226415094339622	False	KL64	KL111	prophage_notproduced	prophage	False	prophage_notproduced	0.77519
248_38	1343_36	1.91e-51	77.519	185.0	693	1	129	795	1	129	0.18614718614718614	0.16226415094339622	0.16226415094339622	False	KL46	KL64	prophage	prophage_notproduced	False	prophage_notproduced	0.77519
0574_17	434_33	1.11e-50	67.164	185.0	873	2	133	859	1	134	0.15120274914089346	0.1559953434225844	0.15120274914089346	False	KL14	KL52	prophage	prophage	False	prophage-prophage	0.67164
248_38	KVV_B1_PHAGE226_M_PROTEIN_38	1.24e-53	65.441	185.0	693	1	136	466	1	136	0.19624819624819625	0.2918454935622318	0.19624819624819625	False	KL46	KL127	prophage	prediction	False	prediction	0.65441
1668_49	1190_71	2.22e-51	28.302	184.0	702	44	702	695	58	694	0.9387464387464387	0.9165467625899281	0.9165467625899281	True	KL2	KL28	prophage_notproduced	prophage_notproduced	False	other	0.28302
1668_49	1406_54	8.79e-51	28.639	182.0	702	44	645	695	58	642	0.8575498575498576	0.841726618705036	0.841726618705036	False	KL2	KL28	prophage_notproduced	prophage_notproduced	False	other	0.28639
0574_17	1251_37	4.01e-49	63.433	179.0	873	2	133	677	1	134	0.15120274914089346	0.19793205317577547	0.15120274914089346	False	KL14	KL28	prophage	prophage	False	prophage-prophage	0.63433
KQQ_B1_PHAGE040_M_PROTEIN_36	1251_37	3.99e-49	63.433	179.0	872	1	132	677	1	134	0.15137614678899083	0.19793205317577547	0.15137614678899083	False	KL14	KL28	prediction	prophage	False	prediction	0.63433
319_37	1251_37	3.5e-49	65.891	178.0	794	1	129	677	1	129	0.1624685138539043	0.19054652880354506	0.1624685138539043	False	KL127	KL28	prophage	prophage	False	prophage-prophage	0.6589100000000001
434_33	706_38	1.2699999999999999e-48	45.494	178.0	859	1	219	741	1	228	0.2549476135040745	0.3076923076923077	0.2549476135040745	False	KL52	KL2	prophage	prophage_notproduced	False	prophage_notproduced	0.45494
KPN_B20_PHAGE487_M_PROTEIN_8	KPN_B14_PHAGE090_M_PROTEIN_50	7.42e-48	35.57	176.0	880	1	280	803	1	297	0.3181818181818182	0.3698630136986301	0.3181818181818182	False	KL64	KL24	prediction	prediction	False	other	0.3557
KVV_B1_PHAGE226_M_PROTEIN_38	1251_37	1.05e-50	65.891	176.0	466	1	129	677	1	129	0.27682403433476394	0.19054652880354506	0.19054652880354506	False	KL127	KL28	prediction	prophage	False	prediction	0.6589100000000001
1091_44	KPN_B14_PHAGE090_M_PROTEIN_50	7.909999999999999e-48	35.57	176.0	880	1	280	803	1	297	0.3181818181818182	0.3698630136986301	0.3181818181818182	False	KL64	KL24	prophage	prediction	False	prediction	0.3557
1343_36	706_38	3.21e-48	67.2	176.0	795	1	125	741	1	125	0.15723270440251572	0.16869095816464239	0.15723270440251572	False	KL64	KL2	prophage_notproduced	prophage_notproduced	False	other	0.672
184_43	706_38	1.8099999999999997e-48	44.69	175.0	639	1	226	741	1	215	0.3536776212832551	0.2901484480431849	0.2901484480431849	False	KL111	KL2	prophage	prophage_notproduced	False	prophage_notproduced	0.44689999999999996
184_43	KPN_B4_PHAGE180_M_PROTEIN_15	9.77e-49	67.717	175.0	639	1	127	707	1	127	0.19874804381846636	0.17963224893917965	0.17963224893917965	False	KL111	KL24	prophage	prediction	False	prediction	0.6771699999999999
706_38	1251_37	9.189999999999999e-48	63.2	173.0	741	1	125	677	1	125	0.16869095816464239	0.18463810930576072	0.16869095816464239	False	KL2	KL28	prophage_notproduced	prophage	False	prophage_notproduced	0.632
KPN_B11_PHAGE013_M_PROTEIN_11	1723_59	4.73e-35	33.79385474860335	172.8	913	1	289	951	1	354	0.31653888280394304	0.3722397476340694	0.31653888280394304	False	KL3	KL60	prediction	prophage	False	prediction	0.3379385474860335
738_68	KPN_B13_PHAGE067_M_PROTEIN_74	2.18e-47	56.707	172.0	742	7	170	698	10	155	0.2210242587601078	0.20916905444126074	0.20916905444126074	False	KL143	KL28	prophage	prediction	False	prediction	0.56707
738_68	1344_72	3.52e-47	56.707	172.0	742	7	170	698	10	155	0.2210242587601078	0.20916905444126074	0.20916905444126074	False	KL143	KL64	prophage	prophage_notproduced	False	prophage_notproduced	0.56707
1664_74	1663_69	1.22e-46	66.912	171.0	777	12	143	745	15	149	0.16988416988416988	0.18120805369127516	0.16988416988416988	False	KL12	KL12	prophage_notproduced	prophage_notproduced	True	other	0.66912
434_33	UCR74083_1_K27	1.36e-45	43.498	171.0	859	680	859	1294	1070	1292	0.20954598370197905	0.1723338485316847	0.1723338485316847	True	KL52	KL27	prophage	virulent	False	prophage-virulent	0.43498
248_38	706_38	3.31e-46	63.2	169.0	693	1	125	741	1	125	0.18037518037518038	0.16869095816464239	0.16869095816464239	False	KL46	KL2	prophage	prophage_notproduced	False	prophage_notproduced	0.632
248_38	KPN_B4_PHAGE180_M_PROTEIN_15	7.579999999999999e-46	65.354	167.0	693	1	127	707	1	127	0.18326118326118326	0.17963224893917965	0.17963224893917965	False	KL46	KL24	prophage	prediction	False	prediction	0.65354
YP_009153201_1_K1	YP_009153203_1_K30/K69	2.0200000000000002e-29	40.45632478632479	166.8	888	1	248	767	84	264	0.27927927927927926	0.23598435462842243	0.23598435462842243	False	KL1	KL30/K69	virulent	virulent	False	virulent-virulent	0.40456324786324793
1664_74	1190_71	1.39e-44	41.365	164.0	777	1	243	695	1	241	0.3127413127413127	0.34676258992805753	0.3127413127413127	False	KL12	KL28	prophage_notproduced	prophage_notproduced	False	other	0.41365
QJI52632_K13/K2	ATS92567_1_K2	3.81e-45	27.692	163.0	577	67	574	668	157	666	0.8804159445407279	0.7634730538922155	0.7634730538922155	True	KL13/K2	KL2	virulent	virulent	True	virulent-virulent	0.27692
APZ82768_1_K13/K2	ATS92567_1_K2	3.6e-45	27.168	163.0	577	67	574	668	157	666	0.8804159445407279	0.7634730538922155	0.7634730538922155	True	KL13/K2	KL2	virulent	virulent	True	virulent-virulent	0.27168
1724_71	1343_36	2.2e-43	25.718	162.0	843	180	833	795	121	781	0.7758007117437722	0.8314465408805032	0.7758007117437722	True	KL60	KL64	prophage	prophage_notproduced	False	prophage_notproduced	0.25718
1406_54	1664_74	1.72e-43	41.434	161.0	695	1	243	777	1	245	0.3496402877697842	0.3153153153153153	0.3153153153153153	False	KL28	KL12	prophage_notproduced	prophage_notproduced	False	other	0.41434
REC_015_PROTEIN_54_KL2	ATS92567_1_K2	2.09e-44	27.308	161.0	577	67	574	668	157	666	0.8804159445407279	0.7634730538922155	0.7634730538922155	True	KL2	KL2	virulent	virulent	True	virulent-virulent	0.27308
876_57	0391_11	6.96e-43	41.704	161.0	850	1	211	839	2	221	0.24823529411764705	0.2622169249106079	0.24823529411764705	False	KL28	KL62	prophage_notproduced	prophage	False	prophage_notproduced	0.41704
KPN_B20_PHAGE048_M_PROTEIN_10	876_57	1.96e-42	43.498	160.0	837	1	219	850	1	211	0.2616487455197133	0.24823529411764705	0.24823529411764705	False	KL62	KL28	prediction	prophage_notproduced	False	other	0.43498
1668_49	1251_37	1.72e-43	27.213	160.0	702	1	582	677	1	575	0.8290598290598291	0.8493353028064993	0.8290598290598291	False	KL2	KL28	prophage_notproduced	prophage	False	prophage_notproduced	0.27213
0391_11	1409_59	1.1999999999999999e-42	41.704	160.0	839	2	221	852	1	211	0.2622169249106079	0.2476525821596244	0.2476525821596244	False	KL62	KL23	prophage	prophage	False	prophage-prophage	0.41704
1724_71	1091_44	3.0299999999999996e-42	25.889	159.0	843	183	833	880	209	866	0.7722419928825622	0.7477272727272727	0.7477272727272727	True	KL60	KL64	prophage	prophage	False	prophage-prophage	0.25889
1863_75	KPN_B6_PHAGE307_M_PROTEIN_10	3.45e-42	35.843	159.0	927	1	321	736	1	311	0.34627831715210355	0.422554347826087	0.34627831715210355	False	KL7	KL3	prophage_inactive	prediction	False	other	0.35843
1724_71	KPN_B20_PHAGE487_M_PROTEIN_8	3.4699999999999996e-42	25.889	159.0	843	183	833	880	209	866	0.7722419928825622	0.7477272727272727	0.7477272727272727	True	KL60	KL64	prophage	prediction	False	prediction	0.25889
0391_11	1723_59	4.12e-42	40.807	159.0	839	2	221	951	1	211	0.2622169249106079	0.22187171398527866	0.22187171398527866	False	KL62	KL60	prophage	prophage	False	prophage-prophage	0.40807000000000004
KPN_B2_PHAGE064_M_PROTEIN_80	KPN_B6_PHAGE307_M_PROTEIN_10	3.45e-42	35.843	159.0	927	1	321	736	1	311	0.34627831715210355	0.422554347826087	0.34627831715210355	False	KL7	KL3	prediction	prediction	False	other	0.35843
876_57	0367_12	2.56e-42	43.498	159.0	850	1	211	851	15	233	0.24823529411764705	0.2573443008225617	0.24823529411764705	False	KL28	KL62	prophage_notproduced	prophage	False	prophage_notproduced	0.43498
KQQ_B1_PHAGE040_M_PROTEIN_36	1343_36	6.579999999999999e-42	65.546	158.0	872	16	132	795	16	134	0.1341743119266055	0.14968553459119496	0.1341743119266055	False	KL14	KL64	prediction	prophage_notproduced	False	other	0.65546
0574_17	1343_36	6.27e-42	65.546	158.0	873	17	133	795	16	134	0.13402061855670103	0.14968553459119496	0.13402061855670103	False	KL14	KL64	prophage	prophage_notproduced	False	prophage_notproduced	0.65546
666_83	876_57	5.359999999999999e-42	42.857	158.0	773	1	214	850	1	205	0.276843467011643	0.2411764705882353	0.2411764705882353	False	KL116	KL28	prophage_notproduced	prophage_notproduced	False	other	0.42857
KPN_B20_PHAGE048_M_PROTEIN_10	1723_59	7.56e-42	43.049	158.0	837	1	219	951	1	211	0.2616487455197133	0.22187171398527866	0.22187171398527866	False	KL62	KL60	prediction	prophage	False	prediction	0.43049
KPN_B20_PHAGE048_M_PROTEIN_10	1409_59	6.229999999999999e-42	43.498	158.0	837	1	219	852	1	211	0.2616487455197133	0.2476525821596244	0.2476525821596244	False	KL62	KL23	prediction	prophage	False	prediction	0.43498
0367_12	1409_59	6.44e-42	43.498	158.0	851	15	233	852	1	211	0.2573443008225617	0.2476525821596244	0.2476525821596244	False	KL62	KL23	prophage	prophage	False	prophage-prophage	0.43498
1863_75	391_03	6.22e-42	48.521	158.0	927	1	169	736	1	155	0.18230852211434737	0.2105978260869565	0.18230852211434737	False	KL7	KL3	prophage_inactive	prophage	False	prophage_inactive	0.48521000000000003
1723_59	0367_12	1.0699999999999999e-41	43.049	158.0	951	1	211	851	15	233	0.22187171398527866	0.2573443008225617	0.22187171398527866	False	KL60	KL62	prophage	prophage	False	prophage-prophage	0.43049
KPN_B2_PHAGE064_M_PROTEIN_80	391_03	6.22e-42	48.521	158.0	927	1	169	736	1	155	0.18230852211434737	0.2105978260869565	0.18230852211434737	False	KL7	KL3	prediction	prophage	False	prediction	0.48521000000000003
YP_003347555_1_K3	UCR74082_1_K7	1.18e-41	27.258	158.0	869	289	838	1180	505	1093	0.6329113924050633	0.49915254237288137	0.49915254237288137	False	KL3	KL7	virulent	virulent	False	virulent-virulent	0.27258
1631_52	876_57	1.23e-41	40.807	157.0	822	1	220	850	1	211	0.26763990267639903	0.24823529411764705	0.24823529411764705	False	KL10	KL28	prophage_notproduced	prophage_notproduced	False	other	0.40807000000000004
1409_59	1631_52	1.24e-41	40.807	157.0	852	1	211	822	1	220	0.2476525821596244	0.26763990267639903	0.2476525821596244	False	KL23	KL10	prophage	prophage_notproduced	False	prophage_notproduced	0.40807000000000004
666_83	1409_59	6.059999999999999e-42	42.857	157.0	773	1	214	852	1	205	0.276843467011643	0.24061032863849766	0.24061032863849766	False	KL116	KL23	prophage_notproduced	prophage	False	prophage_notproduced	0.42857
666_83	1723_59	3.11e-41	41.935	156.0	773	1	214	951	1	205	0.276843467011643	0.21556256572029442	0.21556256572029442	False	KL116	KL60	prophage_notproduced	prophage	False	prophage_notproduced	0.41935
0391_11	KPN_B7_PHAGE164_M_PROTEIN_57	3.74e-41	41.176	155.0	839	4	221	803	2	210	0.2598331346841478	0.2602739726027397	0.2598331346841478	False	KL62	KL25	prophage	prediction	False	prediction	0.41176
1631_52	1723_59	5.35e-41	39.91	155.0	822	1	220	951	1	211	0.26763990267639903	0.22187171398527866	0.22187171398527866	False	KL10	KL60	prophage_notproduced	prophage	False	prophage_notproduced	0.39909999999999995
KPN_B14_PHAGE090_M_PROTEIN_50	1409_59	6.26e-41	38.868	155.0	803	1	261	852	1	249	0.32503113325031135	0.29225352112676056	0.29225352112676056	False	KL24	KL23	prediction	prophage	False	prediction	0.38868
876_57	KPN_B14_PHAGE090_M_PROTEIN_50	5.42e-41	38.868	155.0	850	1	249	803	1	261	0.29294117647058826	0.32503113325031135	0.29294117647058826	False	KL28	KL24	prophage_notproduced	prediction	False	other	0.38868
434_33	KPN_B11_PHAGE013_M_PROTEIN_11	1.5899999999999999e-40	38.983	154.0	859	668	857	913	683	912	0.22118742724097787	0.25191675794085433	0.22118742724097787	True	KL52	KL3	prophage	prediction	False	prediction	0.38982999999999995
KPN_B20_PHAGE048_M_PROTEIN_10	KPN_B7_PHAGE164_M_PROTEIN_57	1.51e-40	50.0	154.0	837	43	219	803	45	210	0.2114695340501792	0.20672478206724781	0.20672478206724781	False	KL62	KL25	prediction	prediction	False	other	0.5
0367_12	KPN_B7_PHAGE164_M_PROTEIN_57	1.61e-40	50.0	154.0	851	57	233	803	45	210	0.20799059929494712	0.20672478206724781	0.20672478206724781	False	KL62	KL25	prophage	prediction	False	prediction	0.5
0391_11	1538_54	2.31e-40	40.807	153.0	839	2	221	900	1	211	0.2622169249106079	0.23444444444444446	0.23444444444444446	False	KL62	KL140	prophage	prophage_notproduced	False	prophage_notproduced	0.40807000000000004
1538_54	KPN_B20_PHAGE048_M_PROTEIN_10	8.309999999999999e-40	42.601	152.0	900	1	211	837	1	219	0.23444444444444446	0.2616487455197133	0.23444444444444446	False	KL140	KL62	prophage_notproduced	prediction	False	other	0.42601
BBF66868_1_K56	1343_36	2.14e-40	26.687	152.0	678	36	675	795	140	783	0.943952802359882	0.810062893081761	0.810062893081761	True	KL56	KL64	virulent	prophage_notproduced	False	prophage_notproduced	0.26687
1538_54	0367_12	9.36e-40	42.601	152.0	900	1	211	851	15	233	0.23444444444444446	0.2573443008225617	0.23444444444444446	False	KL140	KL62	prophage_notproduced	prophage	False	prophage_notproduced	0.42601
KQQ_B1_PHAGE040_M_PROTEIN_36	184_43	2.11e-40	66.071	152.0	872	16	125	639	16	127	0.12614678899082568	0.1752738654147105	0.12614678899082568	False	KL14	KL111	prediction	prophage	False	prediction	0.66071
1815_56	876_57	8.039999999999999e-40	40.359	152.0	937	1	220	850	1	211	0.23479188900747064	0.24823529411764705	0.23479188900747064	False	KL4	KL28	prophage_notproduced	prophage_notproduced	False	other	0.40359
1409_59	1815_56	6.4599999999999995e-40	40.359	152.0	852	1	211	937	1	220	0.2476525821596244	0.23479188900747064	0.23479188900747064	False	KL23	KL4	prophage	prophage_notproduced	False	prophage_notproduced	0.40359
666_83	KPN_B7_PHAGE164_M_PROTEIN_57	4.86e-40	42.326	152.0	773	3	214	803	2	204	0.2742561448900388	0.25280199252801994	0.25280199252801994	False	KL116	KL25	prophage_notproduced	prediction	False	other	0.42326
0574_17	184_43	2.0099999999999998e-40	66.071	152.0	873	17	126	639	16	127	0.12600229095074456	0.1752738654147105	0.12600229095074456	False	KL14	KL111	prophage	prophage	False	prophage-prophage	0.66071
KPN_B7_PHAGE164_M_PROTEIN_57	1631_52	6.43e-40	40.271	151.0	803	2	210	822	3	220	0.2602739726027397	0.26520681265206814	0.2602739726027397	False	KL25	KL10	prediction	prophage_notproduced	False	other	0.40271
KPN_B4_PHAGE495_M_PROTEIN_46	245_48	8.41e-41	72.826	151.0	603	1	92	655	1	92	0.15257048092868988	0.14045801526717558	0.14045801526717558	False	KL22	KL55	prediction	prophage_notproduced	False	other	0.7282599999999999
1538_54	666_83	1.68e-39	41.935	150.0	900	1	205	773	1	214	0.22777777777777777	0.276843467011643	0.22777777777777777	False	KL140	KL116	prophage_notproduced	prophage_notproduced	False	other	0.41935
1815_56	1723_59	5.91e-39	39.462	150.0	937	1	220	951	1	211	0.23479188900747064	0.22187171398527866	0.22187171398527866	False	KL4	KL60	prophage_notproduced	prophage	False	prophage_notproduced	0.39462
KPN_B2_PHAGE064_M_PROTEIN_80	1663_69	1.2899999999999999e-39	48.538	150.0	927	1	171	745	1	147	0.18446601941747573	0.19731543624161074	0.18446601941747573	False	KL7	KL12	prediction	prophage_notproduced	False	other	0.48538
1863_75	1663_69	1.2899999999999999e-39	48.538	150.0	927	1	171	745	1	147	0.18446601941747573	0.19731543624161074	0.18446601941747573	False	KL7	KL12	prophage_inactive	prophage_notproduced	False	other	0.48538
1631_52	1538_54	3.36e-39	39.91	150.0	822	1	220	900	1	211	0.26763990267639903	0.23444444444444446	0.23444444444444446	False	KL10	KL140	prophage_notproduced	prophage_notproduced	False	other	0.39909999999999995
KPN_B7_PHAGE164_M_PROTEIN_57	KPN_B14_PHAGE090_M_PROTEIN_50	5.26e-39	43.182	149.0	803	45	248	803	43	261	0.25404732254047324	0.2727272727272727	0.25404732254047324	False	KL25	KL24	prediction	prediction	False	other	0.43182000000000004
KQS_B1_PHAGE218_M_PROTEIN_1	245_48	6.67e-40	78.75	149.0	665	1	80	655	1	80	0.12030075187969924	0.12213740458015267	0.12030075187969924	False	KL127	KL55	prediction	prophage_notproduced	False	other	0.7875
KQQ_B1_PHAGE040_M_PROTEIN_36	248_38	5.5e-39	64.286	148.0	872	16	125	693	16	127	0.12614678899082568	0.16161616161616163	0.12614678899082568	False	KL14	KL46	prediction	prophage	False	prediction	0.64286
0574_17	248_38	5.32e-39	64.286	148.0	873	17	126	693	16	127	0.12600229095074456	0.16161616161616163	0.12600229095074456	False	KL14	KL46	prophage	prophage	False	prophage-prophage	0.64286
1849_60	453_72	6.389999999999999e-38	47.849	146.0	1007	8	190	762	4	159	0.1817279046673287	0.2047244094488189	0.1817279046673287	False	KL36	KL14	prophage_notproduced	prophage_notproduced	False	other	0.47848999999999997
1815_56	KPN_B7_PHAGE164_M_PROTEIN_57	6.53e-38	39.819	146.0	937	3	220	803	2	210	0.23265741728922093	0.2602739726027397	0.23265741728922093	False	KL4	KL25	prophage_notproduced	prediction	False	other	0.39819000000000004
BBF66868_1_K56	1091_44	4.1e-38	26.054	145.0	678	36	675	880	225	868	0.943952802359882	0.7318181818181818	0.7318181818181818	True	KL56	KL64	virulent	prophage	False	prophage-virulent	0.26054
1815_56	1538_54	1.44e-37	39.462	145.0	937	1	220	900	1	211	0.23479188900747064	0.23444444444444446	0.23444444444444446	False	KL4	KL140	prophage_notproduced	prophage_notproduced	False	other	0.39462
BBF66868_1_K56	KPN_B20_PHAGE487_M_PROTEIN_8	3.55e-38	26.054	145.0	678	36	675	880	225	868	0.943952802359882	0.7318181818181818	0.7318181818181818	True	KL56	KL64	virulent	prediction	False	prediction	0.26054
391_03	1724_71	2.27e-37	37.555	143.0	736	41	256	843	59	284	0.29347826086956524	0.2680901542111507	0.2680901542111507	False	KL3	KL60	prophage	prophage	False	prophage-prophage	0.37555
0496_72	1091_44	7.4e-37	38.627	143.0	968	2	234	880	1	216	0.24070247933884298	0.24545454545454545	0.24070247933884298	False	KL122	KL64	prophage	prophage	False	prophage-prophage	0.38627
KPN_B11_PHAGE013_M_PROTEIN_11	391_03	4.1800000000000006e-37	33.243	143.0	913	218	545	736	149	486	0.3592552026286966	0.4592391304347826	0.3592552026286966	False	KL3	KL3	prediction	prophage	True	prediction	0.33243
KPN_B13_PHAGE002_M_PROTEIN_56	1091_44	7.64e-37	38.627	143.0	967	1	233	880	1	216	0.24095139607032057	0.24545454545454545	0.24095139607032057	False	KL122	KL64	prediction	prophage	False	prediction	0.38627
0496_72	KPN_B20_PHAGE487_M_PROTEIN_8	7.4e-37	38.627	143.0	968	2	234	880	1	216	0.24070247933884298	0.24545454545454545	0.24070247933884298	False	KL122	KL64	prophage	prediction	False	prediction	0.38627
KPN_B13_PHAGE002_M_PROTEIN_56	KPN_B20_PHAGE487_M_PROTEIN_8	7.440000000000001e-37	38.627	143.0	967	1	233	880	1	216	0.24095139607032057	0.24545454545454545	0.24095139607032057	False	KL122	KL64	prediction	prediction	False	other	0.38627
409_46	245_48	6.36e-38	72.34	142.0	619	1	94	655	1	92	0.1518578352180937	0.14045801526717558	0.14045801526717558	False	KL153	KL55	prophage_notproduced	prophage_notproduced	False	other	0.7234
KPN_B11_PHAGE013_M_PROTEIN_11	KPN_B6_PHAGE307_M_PROTEIN_10	5.51e-37	32.888	142.0	913	218	545	736	149	486	0.3592552026286966	0.4592391304347826	0.3592552026286966	False	KL3	KL3	prediction	prediction	True	other	0.32888
876_57	0496_72	2.7300000000000002e-36	39.623	141.0	850	1	211	968	2	210	0.24823529411764705	0.2159090909090909	0.2159090909090909	False	KL28	KL122	prophage_notproduced	prophage	False	prophage_notproduced	0.39622999999999997
KPN_B11_PHAGE013_M_PROTEIN_11	1409_59	1.92e-36	35.227	141.0	913	1	260	852	1	249	0.2847754654983571	0.29225352112676056	0.2847754654983571	False	KL3	KL23	prediction	prophage	False	prediction	0.35226999999999997
KPN_B13_PHAGE002_M_PROTEIN_56	1409_59	2.14e-36	39.623	141.0	967	1	209	852	1	211	0.21613236814891418	0.2476525821596244	0.21613236814891418	False	KL122	KL23	prediction	prophage	False	prediction	0.39622999999999997
0496_72	1409_59	2.11e-36	39.623	141.0	968	2	210	852	1	211	0.2159090909090909	0.2476525821596244	0.2159090909090909	False	KL122	KL23	prophage	prophage	False	prophage-prophage	0.39622999999999997
KPN_B13_PHAGE002_M_PROTEIN_56	876_57	2.77e-36	39.623	141.0	967	1	209	850	1	211	0.21613236814891418	0.24823529411764705	0.21613236814891418	False	KL122	KL28	prediction	prophage_notproduced	False	other	0.39622999999999997
1724_71	KPN_B6_PHAGE307_M_PROTEIN_10	1.78e-36	46.108	140.0	843	59	224	736	41	196	0.19691577698695137	0.21195652173913043	0.19691577698695137	False	KL60	KL3	prophage	prediction	False	prediction	0.46108
KPN_B4_PHAGE495_M_PROTEIN_46	KQS_B1_PHAGE218_M_PROTEIN_1	5.4900000000000005e-37	77.215	140.0	603	1	79	665	1	79	0.1310116086235489	0.11879699248120301	0.11879699248120301	False	KL22	KL127	prediction	prediction	False	other	0.77215
KPN_B11_PHAGE013_M_PROTEIN_11	876_57	3.52e-36	35.227	140.0	913	1	260	850	1	249	0.2847754654983571	0.29294117647058826	0.2847754654983571	False	KL3	KL28	prediction	prophage_notproduced	False	other	0.35226999999999997
1849_60	KPN_B20_PHAGE026_M_PROTEIN_2	4.1800000000000004e-36	46.277	140.0	1007	6	190	762	2	159	0.18371400198609733	0.2073490813648294	0.18371400198609733	False	KL36	KL14	prophage_notproduced	prediction	False	other	0.46277
876_57	KPN_B4_PHAGE180_M_PROTEIN_15	1.89e-36	25.359	140.0	850	225	816	707	60	652	0.6964705882352941	0.8387553041018387	0.6964705882352941	False	KL28	KL24	prophage_notproduced	prediction	False	other	0.25359000000000004
1723_59	KPN_B13_PHAGE002_M_PROTEIN_56	1.5200000000000002e-35	38.679	139.0	951	1	211	967	1	209	0.22187171398527866	0.21613236814891418	0.21613236814891418	False	KL60	KL122	prophage	prediction	False	prediction	0.38679
1723_59	0496_72	1.55e-35	38.679	139.0	951	1	211	968	2	210	0.22187171398527866	0.2159090909090909	0.2159090909090909	False	KL60	KL122	prophage	prophage	False	prophage-prophage	0.38679
1344_72	1664_74	2.7400000000000002e-36	39.749	139.0	698	15	246	777	12	245	0.332378223495702	0.30115830115830117	0.30115830115830117	False	KL64	KL12	prophage_notproduced	prophage_notproduced	False	other	0.39749
1664_74	KPN_B13_PHAGE067_M_PROTEIN_74	5.31e-36	39.662	138.0	777	12	243	698	15	244	0.2985842985842986	0.32951289398280803	0.2985842985842986	False	KL12	KL28	prophage_notproduced	prediction	False	other	0.39662
1668_49	KPN_B13_PHAGE067_M_PROTEIN_74	4.66e-36	25.92	138.0	702	48	702	698	68	697	0.9330484330484331	0.9025787965616046	0.9025787965616046	True	KL2	KL28	prophage_notproduced	prediction	False	other	0.25920000000000004
1344_72	1668_49	6.88e-36	26.56	137.0	698	68	645	702	48	645	0.828080229226361	0.8518518518518519	0.828080229226361	False	KL64	KL2	prophage_notproduced	prophage_notproduced	False	other	0.2656
1190_71	KPN_B4_PHAGE180_M_PROTEIN_15	5.67e-35	26.165	135.0	695	87	694	707	76	707	0.874820143884892	0.8939179632248939	0.874820143884892	True	KL28	KL24	prophage_notproduced	prediction	False	other	0.26165
1664_74	391_03	8.250000000000001e-35	45.181	135.0	777	59	223	736	76	232	0.21235521235521235	0.21331521739130435	0.21235521235521235	False	KL12	KL3	prophage_notproduced	prophage	False	prophage_notproduced	0.45181
0496_72	1538_54	3.02e-34	38.679	135.0	968	2	210	900	1	211	0.2159090909090909	0.23444444444444446	0.2159090909090909	False	KL122	KL140	prophage	prophage_notproduced	False	prophage_notproduced	0.38679
1538_54	KPN_B13_PHAGE002_M_PROTEIN_56	2.98e-34	38.679	134.0	900	1	211	967	1	209	0.23444444444444446	0.21613236814891418	0.21613236814891418	False	KL140	KL122	prophage_notproduced	prediction	False	other	0.38679
KPN_B11_PHAGE013_M_PROTEIN_11	1538_54	4.23e-34	34.47	134.0	913	1	260	900	1	249	0.2847754654983571	0.27666666666666667	0.27666666666666667	False	KL3	KL140	prediction	prophage_notproduced	False	other	0.3447
REC_028_PROTEIN_295_KL51	YP_009153197_1_K11	2.16e-34	59.13	134.0	809	1	115	702	1	114	0.14215080346106304	0.1623931623931624	0.14215080346106304	False	KL51	KL11	virulent	virulent	False	virulent-virulent	0.5913
KPN_B11_PHAGE013_M_PROTEIN_11	KPN_B7_PHAGE164_M_PROTEIN_57	3.83e-34	34.733	134.0	913	3	260	803	2	248	0.28258488499452356	0.30759651307596514	0.28258488499452356	False	KL3	KL25	prediction	prediction	False	other	0.34732999999999997
KPN_B7_PHAGE164_M_PROTEIN_57	KPN_B13_PHAGE002_M_PROTEIN_56	3.0599999999999997e-34	39.048	134.0	803	2	210	967	3	209	0.2602739726027397	0.2140641158221303	0.2140641158221303	False	KL25	KL122	prediction	prediction	False	other	0.39048
KPN_B7_PHAGE164_M_PROTEIN_57	0496_72	3.1499999999999997e-34	39.048	134.0	803	2	210	968	4	210	0.2602739726027397	0.21384297520661158	0.21384297520661158	False	KL25	KL122	prediction	prophage	False	prediction	0.39048
1724_71	1849_60	5.65e-34	62.617	134.0	843	1	107	1007	1	102	0.1269276393831554	0.1012909632571996	0.1012909632571996	False	KL60	KL36	prophage	prophage_notproduced	False	prophage_notproduced	0.62617
876_57	1668_49	4.05e-34	26.904	133.0	850	206	738	702	12	578	0.6270588235294118	0.8076923076923077	0.6270588235294118	False	KL28	KL2	prophage_notproduced	prophage_notproduced	False	other	0.26904
KPN_B11_PHAGE013_M_PROTEIN_11	KPN_B4_PHAGE180_M_PROTEIN_15	4.239999999999999e-34	32.44	133.0	913	202	503	707	103	412	0.3307776560788609	0.43847241867043846	0.3307776560788609	False	KL3	KL24	prediction	prediction	False	other	0.32439999999999997
409_46	KPN_B4_PHAGE495_M_PROTEIN_46	1.08e-34	53.846	132.0	619	1	127	603	1	122	0.20516962843295639	0.2023217247097844	0.2023217247097844	False	KL153	KL22	prophage_notproduced	prediction	False	other	0.5384599999999999
245_48	1231_45	2e-34	62.245	132.0	655	1	91	602	1	98	0.13893129770992366	0.16279069767441862	0.13893129770992366	False	KL55	KL169	prophage_notproduced	prophage_notproduced	False	other	0.62245
0367_12	KPN_B20_PHAGE487_M_PROTEIN_8	6.99e-33	32.319	130.0	851	15	276	880	1	234	0.3078730904817861	0.26590909090909093	0.26590909090909093	False	KL62	KL64	prophage	prediction	False	prediction	0.32319000000000003
0367_12	1091_44	6.87e-33	32.319	130.0	851	15	276	880	1	234	0.3078730904817861	0.26590909090909093	0.26590909090909093	False	KL62	KL64	prophage	prophage	False	prophage-prophage	0.32319000000000003
KVV_B3_PHAGE102_M_PROTEIN_79	KPN_B20_PHAGE487_M_PROTEIN_8	1.57e-33	25.467	130.0	652	2	558	880	219	780	0.8542944785276073	0.6386363636363637	0.6386363636363637	False	KL60	KL64	prediction	prediction	False	other	0.25467
KVV_B3_PHAGE102_M_PROTEIN_79	1343_36	1.67e-33	25.213	130.0	652	2	557	795	134	694	0.852760736196319	0.7056603773584905	0.7056603773584905	False	KL60	KL64	prediction	prophage_notproduced	False	other	0.25213
1664_74	KPN_B6_PHAGE307_M_PROTEIN_10	3.7e-33	44.578	130.0	777	59	223	736	76	232	0.21235521235521235	0.21331521739130435	0.21235521235521235	False	KL12	KL3	prophage_notproduced	prediction	False	other	0.44578
1091_44	KPN_B20_PHAGE048_M_PROTEIN_10	4.46e-33	32.319	130.0	880	1	234	837	1	262	0.26590909090909093	0.3130227001194743	0.26590909090909093	False	KL64	KL62	prophage	prediction	False	prediction	0.32319000000000003
KPN_B20_PHAGE048_M_PROTEIN_10	KPN_B20_PHAGE487_M_PROTEIN_8	6.27e-33	32.319	130.0	837	1	262	880	1	234	0.3130227001194743	0.26590909090909093	0.26590909090909093	False	KL62	KL64	prediction	prediction	False	other	0.32319000000000003
KPN_B11_PHAGE013_M_PROTEIN_11	1668_49	3.86e-33	32.219	130.0	913	212	503	702	108	407	0.3198247535596933	0.42735042735042733	0.3198247535596933	False	KL3	KL2	prediction	prophage_notproduced	False	other	0.32219000000000003
KVV_B3_PHAGE102_M_PROTEIN_79	1091_44	1.35e-33	25.467	130.0	652	2	558	880	219	780	0.8542944785276073	0.6386363636363637	0.6386363636363637	False	KL60	KL64	prediction	prophage	False	prediction	0.25467
KQS_B1_PHAGE218_M_PROTEIN_1	1231_45	2.2e-33	56.8	129.0	665	1	124	602	1	112	0.18646616541353384	0.18604651162790697	0.18604651162790697	False	KL127	KL169	prediction	prophage_notproduced	False	other	0.568
1863_75	1344_72	1.1100000000000001e-32	43.275	129.0	927	1	171	698	1	146	0.18446601941747573	0.20916905444126074	0.18446601941747573	False	KL7	KL64	prophage_inactive	prophage_notproduced	False	other	0.43274999999999997
KPN_B2_PHAGE064_M_PROTEIN_80	KPN_B13_PHAGE067_M_PROTEIN_74	1.2e-32	43.275	129.0	927	1	171	698	1	146	0.18446601941747573	0.20916905444126074	0.18446601941747573	False	KL7	KL28	prediction	prediction	False	other	0.43274999999999997
KPN_B2_PHAGE064_M_PROTEIN_80	1344_72	1.1100000000000001e-32	43.275	129.0	927	1	171	698	1	146	0.18446601941747573	0.20916905444126074	0.18446601941747573	False	KL7	KL64	prediction	prophage_notproduced	False	other	0.43274999999999997
1863_75	KPN_B13_PHAGE067_M_PROTEIN_74	1.2e-32	43.275	129.0	927	1	171	698	1	146	0.18446601941747573	0.20916905444126074	0.18446601941747573	False	KL7	KL28	prophage_inactive	prediction	False	other	0.43274999999999997
KPN_B4_PHAGE180_M_PROTEIN_15	1406_54	8.21e-32	24.468	125.0	707	76	707	695	87	694	0.8939179632248939	0.874820143884892	0.874820143884892	True	KL24	KL28	prediction	prophage_notproduced	False	other	0.24468
KPN_B2_PHAGE139_M_PROTEIN_9	YP_009153200_1_K35	6.750000000000001e-31	32.5	124.0	1258	986	1253	779	529	777	0.21303656597774245	0.3196405648267009	0.21303656597774245	True	KL38	KL35	prediction	virulent	False	prediction	0.325
1231_45	KPN_B4_PHAGE495_M_PROTEIN_46	8.040000000000001e-32	70.667	124.0	602	1	75	603	1	75	0.12458471760797342	0.12437810945273632	0.12437810945273632	False	KL169	KL22	prophage_notproduced	prediction	False	other	0.70667
KPN_B13_PHAGE002_M_PROTEIN_56	BAN78446_1_KN2	1.25e-30	35.581	124.0	967	707	966	1245	1012	1239	0.2688728024819028	0.18313253012048192	0.18313253012048192	True	KL122	KN2	prediction	virulent	False	prediction	0.35581
409_46	1231_45	7.700000000000001e-32	41.622	124.0	619	1	183	602	1	164	0.2956381260096931	0.2724252491694352	0.2724252491694352	False	KL153	KL169	prophage_notproduced	prophage_notproduced	False	other	0.41622
617_77	YP_009153200_1_K35	6.750000000000001e-31	32.5	124.0	1258	986	1253	779	529	777	0.21303656597774245	0.3196405648267009	0.21303656597774245	True	KL38	KL35	prophage	virulent	False	prophage-virulent	0.325
0496_72	BAN78446_1_KN2	1.24e-30	35.581	124.0	968	708	967	1245	1012	1239	0.26859504132231404	0.18313253012048192	0.18313253012048192	True	KL122	KN2	prophage	virulent	False	prophage-virulent	0.35581
ALT58497_1_K47	KPN_B16_PHAGE081_M_PROTEIN_76	1.32e-31	31.611	122.0	793	338	656	436	84	406	0.40226986128625475	0.7408256880733946	0.40226986128625475	False	KL47	KL47	virulent	prediction	True	prediction	0.31611
QDF14644_1_K47	KPN_B16_PHAGE081_M_PROTEIN_76	1.45e-31	31.325	122.0	793	338	656	436	84	406	0.40226986128625475	0.7408256880733946	0.40226986128625475	False	KL47	KL47	virulent	prediction	True	prediction	0.31325
1724_71	1664_74	2.25e-30	40.351	121.0	843	95	255	777	49	219	0.19098457888493475	0.22007722007722008	0.19098457888493475	False	KL60	KL12	prophage	prophage_notproduced	False	prophage_notproduced	0.40351
REC_009_PROTEIN_7_KL19	1409_59	2.09e-30	53.571	121.0	763	147	257	852	220	331	0.145478374836173	0.13145539906103287	0.13145539906103287	False	KL19	KL23	virulent	prophage	False	prophage-virulent	0.53571
KQS_B1_PHAGE218_M_PROTEIN_1	409_46	2.2e-30	70.13	120.0	665	1	77	619	1	77	0.11578947368421053	0.12439418416801293	0.11578947368421053	False	KL127	KL153	prediction	prophage_notproduced	False	other	0.7012999999999999
BAN78446_1_KN2	YP_009153200_1_K35	9.629999999999999e-30	33.463	120.0	1245	997	1245	779	539	776	0.2	0.3055198973042362	0.2	True	KN2	KL35	virulent	virulent	False	virulent-virulent	0.33463
1664_74	1630_70	1.0700000000000001e-29	36.607	119.0	777	1	197	929	1	218	0.25353925353925355	0.23466092572658773	0.23466092572658773	False	KL12	KL10	prophage_notproduced	prophage_inactive	False	other	0.36607
KVV_B2_PHAGE059_M_PROTEIN_71	1664_74	1.28e-29	36.607	119.0	929	1	218	777	1	197	0.23466092572658773	0.25353925353925355	0.23466092572658773	False	KL10	KL12	prediction	prophage_notproduced	False	other	0.36607
KPN_B11_PHAGE013_M_PROTEIN_11	1091_44	1.32e-29	30.943	119.0	913	1	262	880	1	248	0.28696604600219056	0.2818181818181818	0.2818181818181818	False	KL3	KL64	prediction	prophage	False	prediction	0.30943000000000004
KPN_B11_PHAGE013_M_PROTEIN_11	KPN_B20_PHAGE487_M_PROTEIN_8	1.43e-29	30.943	119.0	913	1	262	880	1	248	0.28696604600219056	0.2818181818181818	0.2818181818181818	False	KL3	KL64	prediction	prediction	False	other	0.30943000000000004
391_03	1251_37	1.55e-29	27.706	118.0	736	111	629	677	88	584	0.7051630434782609	0.7341211225997046	0.7051630434782609	False	KL3	KL28	prophage	prophage	False	prophage-prophage	0.27706
YP_009797016_1_K64	REC_009_PROTEIN_7_KL19	4.9400000000000004e-29	32.822	118.0	1017	7	317	763	3	296	0.3058013765978368	0.3853211009174312	0.3058013765978368	False	KL64	KL19	virulent	virulent	False	virulent-virulent	0.32822
YP_003347555_1_K3	YP_009153200_1_K35	2.86e-29	41.935	118.0	869	734	864	779	616	770	0.15074798619102417	0.19897304236200256	0.15074798619102417	True	KL3	KL35	virulent	virulent	False	virulent-virulent	0.41935
QOV05454_1_K64	REC_009_PROTEIN_7_KL19	8.53e-29	32.822	117.0	1017	7	317	763	3	296	0.3058013765978368	0.3853211009174312	0.3058013765978368	False	KL64	KL19	virulent	virulent	False	virulent-virulent	0.32822
1664_74	1921_77	5.3e-29	45.27	117.0	777	1	143	701	1	145	0.18404118404118405	0.20684736091298145	0.18404118404118405	False	KL12	KL9	prophage_notproduced	prophage_notproduced	False	other	0.45270000000000005
391_03	1190_71	3.3800000000000003e-29	26.715	117.0	736	15	670	695	12	637	0.8913043478260869	0.9007194244604316	0.8913043478260869	False	KL3	KL28	prophage	prophage_notproduced	False	prophage_notproduced	0.26715
738_68	KPN_B6_PHAGE307_M_PROTEIN_10	3.81e-29	42.945	117.0	742	10	170	736	13	166	0.2169811320754717	0.20923913043478262	0.20923913043478262	False	KL143	KL3	prophage	prediction	False	prediction	0.42945
1538_54	1091_44	1.16e-16	30.716589041095894	116.30000000000001	900	1	366	880	1	278	0.4066666666666667	0.3159090909090909	0.3159090909090909	False	KL140	KL64	prophage_notproduced	prophage	False	prophage_notproduced	0.30716589041095893
1538_54	KPN_B20_PHAGE487_M_PROTEIN_8	1.15e-16	30.716589041095894	116.30000000000001	900	1	366	880	1	278	0.4066666666666667	0.3159090909090909	0.3159090909090909	False	KL140	KL64	prophage_notproduced	prediction	False	other	0.30716589041095893
391_03	738_68	6.12e-29	42.331	116.0	736	13	166	742	10	170	0.20923913043478262	0.2169811320754717	0.20923913043478262	False	KL3	KL143	prophage	prophage	False	prophage-prophage	0.42331
YP_009153197_1_K11	1724_71	1.8099999999999999e-28	26.854	115.0	702	94	454	843	179	562	0.5142450142450142	0.4555160142348754	0.4555160142348754	False	KL11	KL60	virulent	prophage	False	prophage-virulent	0.26854
KPN_B11_PHAGE013_M_PROTEIN_11	UCR74082_1_K7	1.1200000000000001e-27	23.641	114.0	913	266	912	1180	475	1176	0.7086527929901424	0.5949152542372881	0.5949152542372881	True	KL3	KL7	prediction	virulent	False	prediction	0.23640999999999998
KPN_B6_PHAGE307_M_PROTEIN_10	1251_37	5.44e-28	27.477	113.0	736	111	619	677	88	577	0.6915760869565217	0.723781388478582	0.6915760869565217	False	KL3	KL28	prediction	prophage	False	prediction	0.27477
1723_59	YP_009153197_1_K11	1.18e-27	26.108	113.0	951	285	683	702	92	467	0.4195583596214511	0.5356125356125356	0.4195583596214511	False	KL60	KL11	prophage	virulent	False	prophage-virulent	0.26108
KPN_B6_PHAGE307_M_PROTEIN_10	1190_71	1.0100000000000001e-27	26.049	112.0	736	15	671	695	12	645	0.8926630434782609	0.9122302158273381	0.8926630434782609	False	KL3	KL28	prediction	prophage_notproduced	False	other	0.26049
UCR74085_1_K20	REC_028_PROTEIN_295_KL51	9.889999999999999e-28	58.427	112.0	723	1	89	809	1	89	0.12309820193637622	0.1100123609394314	0.1100123609394314	False	KL20	KL51	virulent	virulent	False	virulent-virulent	0.58427
KPN_B20_PHAGE487_M_PROTEIN_8	666_83	3.41e-27	33.613	111.0	880	1	211	773	1	237	0.23977272727272728	0.30659767141009053	0.23977272727272728	False	KL64	KL116	prediction	prophage_notproduced	False	other	0.33613
617_77	KVV_B2_PHAGE059_M_PROTEIN_71	8.34e-27	33.953	111.0	1258	9	220	929	6	208	0.1685214626391097	0.2185145317545748	0.1685214626391097	False	KL38	KL10	prophage	prediction	False	prediction	0.33953000000000005
KVV_B2_PHAGE059_M_PROTEIN_71	KPN_B2_PHAGE139_M_PROTEIN_9	6.160000000000001e-27	33.953	111.0	929	6	208	1258	9	220	0.2185145317545748	0.1685214626391097	0.1685214626391097	False	KL10	KL38	prediction	prediction	False	other	0.33953000000000005
1630_70	617_77	6.160000000000001e-27	33.953	111.0	929	6	208	1258	9	220	0.2185145317545748	0.1685214626391097	0.1685214626391097	False	KL10	KL38	prophage_inactive	prophage	False	prophage_inactive	0.33953000000000005
KPN_B2_PHAGE139_M_PROTEIN_9	1630_70	8.34e-27	33.953	111.0	1258	9	220	929	6	208	0.1685214626391097	0.2185145317545748	0.1685214626391097	False	KL38	KL10	prediction	prophage_inactive	False	other	0.33953000000000005
1091_44	666_83	3.2900000000000004e-27	33.613	111.0	880	1	211	773	1	237	0.23977272727272728	0.30659767141009053	0.23977272727272728	False	KL64	KL116	prophage	prophage_notproduced	False	prophage_notproduced	0.33613
UCR74085_1_K20	YP_009153197_1_K11	3.1200000000000003e-27	56.977	110.0	723	1	86	702	1	86	0.11894882434301521	0.1225071225071225	0.11894882434301521	False	KL20	KL11	virulent	virulent	False	virulent-virulent	0.56977
UCR74082_1_K7	KPN_B13_PHAGE002_M_PROTEIN_56	1.9700000000000002e-26	33.484	110.0	1180	968	1180	967	754	967	0.1805084745762712	0.22130299896587383	0.1805084745762712	True	KL7	KL122	virulent	prediction	False	prediction	0.33484
0496_72	UCR74082_1_K7	1.4600000000000002e-26	33.484	110.0	968	755	968	1180	968	1180	0.22107438016528927	0.1805084745762712	0.1805084745762712	True	KL122	KL7	prophage	virulent	False	prophage-virulent	0.33484
KPN_B13_PHAGE067_M_PROTEIN_74	KPN_B4_PHAGE180_M_PROTEIN_15	6.73e-27	24.132	109.0	698	140	697	707	121	707	0.7994269340974212	0.8302687411598303	0.7994269340974212	True	KL28	KL24	prediction	prediction	False	other	0.24132
BAN78446_1_KN2	UCR74082_1_K7	8.93e-26	38.235	108.0	1245	1061	1245	1180	979	1178	0.14859437751004015	0.1694915254237288	0.14859437751004015	True	KN2	KL7	virulent	virulent	False	virulent-virulent	0.38234999999999997
1344_72	KPN_B4_PHAGE180_M_PROTEIN_15	1.32e-26	24.631	108.0	698	140	697	707	121	707	0.7994269340974212	0.8302687411598303	0.7994269340974212	True	KL64	KL24	prophage_notproduced	prediction	False	other	0.24631
1251_37	UCR74082_1_K7	7.64e-26	34.298	107.0	677	40	262	1180	345	570	0.3293943870014771	0.19152542372881357	0.19152542372881357	False	KL28	KL7	prophage	virulent	False	prophage-virulent	0.34298
391_03	1406_54	4.89e-26	26.263	107.0	736	15	671	695	12	645	0.8926630434782609	0.9122302158273381	0.8926630434782609	False	KL3	KL28	prophage	prophage_notproduced	False	prophage_notproduced	0.26263000000000003
391_03	876_57	4.49e-26	25.733	107.0	736	92	669	850	228	795	0.7853260869565217	0.668235294117647	0.668235294117647	False	KL3	KL28	prophage	prophage_notproduced	False	prophage_notproduced	0.25733
KVV_B3_PHAGE102_M_PROTEIN_79	YP_009153197_1_K11	5.38e-26	27.809	106.0	652	2	351	702	108	434	0.5368098159509203	0.4658119658119658	0.4658119658119658	False	KL60	KL11	prediction	virulent	False	prediction	0.27809
1663_69	738_68	8.33e-26	33.475	106.0	745	13	233	742	10	218	0.2966442953020134	0.2816711590296496	0.2816711590296496	False	KL12	KL143	prophage_notproduced	prophage	False	prophage_notproduced	0.33475
KPN_B14_PHAGE090_M_PROTEIN_50	KPN_B13_PHAGE067_M_PROTEIN_74	1.01e-25	25.98	106.0	803	217	803	698	136	697	0.7310087173100872	0.8051575931232091	0.7310087173100872	True	KL24	KL28	prediction	prediction	False	other	0.25980000000000003
KPN_B13_PHAGE067_M_PROTEIN_74	UCR74082_1_K7	3.18e-25	38.514	105.0	698	142	281	1180	425	570	0.20057306590257878	0.12372881355932204	0.12372881355932204	False	KL28	KL7	prediction	virulent	False	prediction	0.38514000000000004
1668_49	1409_62	7.040000000000001e-26	26.596	105.0	702	129	578	550	1	438	0.6410256410256411	0.7963636363636364	0.6410256410256411	False	KL2	KL28	prophage_notproduced	prophage_notproduced	False	other	0.26596
1344_72	UCR74082_1_K7	3.32e-25	39.189	105.0	698	142	281	1180	425	570	0.20057306590257878	0.12372881355932204	0.12372881355932204	False	KL64	KL7	prophage_notproduced	virulent	False	prophage_notproduced	0.39189
UCR74082_1_K7	1190_71	3.58e-25	38.776	105.0	1180	426	570	695	140	278	0.1228813559322034	0.2	0.1228813559322034	False	KL7	KL28	virulent	prophage_notproduced	False	prophage_notproduced	0.38776000000000005
1190_71	KPN_B14_PHAGE090_M_PROTEIN_50	2.5199999999999998e-25	26.412	105.0	695	137	648	803	221	735	0.7366906474820144	0.6413449564134496	0.6413449564134496	False	KL28	KL24	prophage_notproduced	prediction	False	other	0.26411999999999997
KPN_B14_PHAGE090_M_PROTEIN_50	1251_37	3.59e-25	26.7	104.0	803	224	803	677	124	676	0.7222914072229141	0.8168389955686853	0.7222914072229141	True	KL24	KL28	prediction	prophage	False	prediction	0.267
1406_54	UCR74082_1_K7	6.3299999999999995e-25	38.776	104.0	695	140	278	1180	426	570	0.2	0.1228813559322034	0.1228813559322034	False	KL28	KL7	prophage_notproduced	virulent	False	prophage_notproduced	0.38776000000000005
1538_54	1251_37	5.6799999999999995e-25	43.357	104.0	900	225	365	677	60	196	0.15666666666666668	0.20236336779911374	0.15666666666666668	False	KL140	KL28	prophage_notproduced	prophage	False	prophage_notproduced	0.43357
KPN_B6_PHAGE307_M_PROTEIN_10	876_57	9.2e-25	25.373	103.0	736	92	658	850	228	784	0.7703804347826086	0.6552941176470588	0.6552941176470588	False	KL3	KL28	prediction	prophage_notproduced	False	other	0.25373
1091_44	0391_11	1.69e-24	29.368	103.0	880	1	236	839	2	269	0.2681818181818182	0.31942789034564956	0.2681818181818182	False	KL64	KL62	prophage	prophage	False	prophage-prophage	0.29368
UCR74082_1_K7	876_57	1.99e-24	38.776	103.0	1180	426	570	850	291	429	0.1228813559322034	0.1635294117647059	0.1228813559322034	False	KL7	KL28	virulent	prophage_notproduced	False	prophage_notproduced	0.38776000000000005
REC_009_PROTEIN_7_KL19	YP_003347555_1_K3	1.39e-24	45.802	103.0	763	1	130	869	5	131	0.17038007863695936	0.14614499424626007	0.14614499424626007	False	KL19	KL3	virulent	virulent	False	virulent-virulent	0.45802
0391_11	KPN_B20_PHAGE487_M_PROTEIN_8	1.99e-24	28.788	103.0	839	2	264	880	1	234	0.3134684147794994	0.26590909090909093	0.26590909090909093	False	KL62	KL64	prophage	prediction	False	prediction	0.28788
UCR74082_1_K7	1409_62	3.38e-24	40.146	102.0	1180	436	570	550	1	129	0.11440677966101695	0.23454545454545456	0.11440677966101695	False	KL7	KL28	virulent	prophage_notproduced	False	prophage_notproduced	0.40146
1724_71	KPN_B2_PHAGE139_M_PROTEIN_9	8.07e-24	30.924	101.0	843	1	234	1258	1	238	0.2775800711743772	0.1891891891891892	0.1891891891891892	False	KL60	KL38	prophage	prediction	False	prediction	0.30924
617_77	1724_71	1.1999999999999998e-23	30.924	101.0	1258	1	238	843	1	234	0.1891891891891892	0.2775800711743772	0.1891891891891892	False	KL38	KL60	prophage	prophage	False	prophage-prophage	0.30924
1091_44	1631_52	1.54e-23	29.046	100.0	880	1	214	822	1	240	0.2431818181818182	0.291970802919708	0.2431818181818182	False	KL64	KL10	prophage	prophage_notproduced	False	prophage_notproduced	0.29046
KPN_B20_PHAGE487_M_PROTEIN_8	1631_52	1.43e-23	29.046	100.0	880	1	214	822	1	240	0.2431818181818182	0.291970802919708	0.2431818181818182	False	KL64	KL10	prediction	prophage_notproduced	False	other	0.29046
1248_60	UCR74082_1_K7	3.33e-24	40.146	100.0	546	1	129	1180	436	570	0.23626373626373626	0.11440677966101695	0.11440677966101695	False	KL28	KL7	prophage_notproduced	virulent	False	prophage_notproduced	0.40146
KPN_B6_PHAGE307_M_PROTEIN_10	1406_54	5.28e-24	25.149	100.0	736	15	657	695	12	627	0.873641304347826	0.8863309352517985	0.873641304347826	False	KL3	KL28	prediction	prophage_notproduced	False	other	0.25149
REC_009_PROTEIN_7_KL19	APZ82804_1_K30/K69	1.94e-23	41.985	99.4	763	1	130	792	5	131	0.17038007863695936	0.16035353535353536	0.16035353535353536	False	KL19	KL30/K69	virulent	virulent	False	virulent-virulent	0.41985
1409_62	KPN_B4_PHAGE180_M_PROTEIN_15	7.33e-24	24.138	99.4	550	1	516	707	134	652	0.9381818181818182	0.7340876944837341	0.7340876944837341	False	KL28	KL24	prophage_notproduced	prediction	False	other	0.24138
QDF14644_1_K47	REC_009_PROTEIN_7_KL19	2.8799999999999995e-23	41.985	99.0	793	5	131	763	1	130	0.1601513240857503	0.17038007863695936	0.1601513240857503	False	KL47	KL19	virulent	virulent	False	virulent-virulent	0.41985
1668_49	1248_60	1.13e-23	23.913	99.0	702	129	702	546	1	545	0.8176638176638177	0.9981684981684982	0.8176638176638177	True	KL2	KL28	prophage_notproduced	prophage_notproduced	False	other	0.23913
REC_009_PROTEIN_7_KL19	BBF66867_1_KN3	3.62e-23	41.985	98.6	763	1	130	792	5	131	0.17038007863695936	0.16035353535353536	0.16035353535353536	False	KL19	KN3	virulent	virulent	False	virulent-virulent	0.41985
KPN_B2_PHAGE139_M_PROTEIN_9	KPN_B11_PHAGE013_M_PROTEIN_11	1.17e-22	30.284	98.2	1258	971	1251	913	596	910	0.2233704292527822	0.34501642935377874	0.2233704292527822	True	KL38	KL3	prediction	prediction	False	other	0.30284
617_77	KPN_B11_PHAGE013_M_PROTEIN_11	1.17e-22	30.284	98.2	1258	971	1251	913	596	910	0.2233704292527822	0.34501642935377874	0.2233704292527822	True	KL38	KL3	prophage	prediction	False	prediction	0.30284
1815_56	1091_44	7.839999999999999e-23	29.876	98.2	937	1	240	880	1	214	0.256136606189968	0.2431818181818182	0.2431818181818182	False	KL4	KL64	prophage_notproduced	prophage	False	prophage_notproduced	0.29876
KPN_B20_PHAGE487_M_PROTEIN_8	1815_56	7.37e-23	29.876	98.2	880	1	214	937	1	240	0.2431818181818182	0.256136606189968	0.2431818181818182	False	KL64	KL4	prediction	prophage_notproduced	False	other	0.29876
KPN_B14_PHAGE135_M_PROTEIN_36	YP_009153203_1_K30/K69	6.27e-23	24.954	98.2	870	92	611	767	15	534	0.5977011494252874	0.6779661016949152	0.5977011494252874	False	KL30	KL30/K69	prediction	virulent	True	prediction	0.24954
REC_009_PROTEIN_7_KL19	BBF66888_1_KN4	5.169999999999999e-23	45.161	98.2	763	1	123	850	5	123	0.16120576671035386	0.14	0.14	False	KL19	KN4	virulent	virulent	False	virulent-virulent	0.45161
APZ82847_1_K8	REC_009_PROTEIN_7_KL19	6.24e-23	41.985	97.8	749	5	131	763	1	130	0.16955941255006676	0.17038007863695936	0.16955941255006676	False	KL8	KL19	virulent	virulent	False	virulent-virulent	0.41985
ALT58497_1_K47	REC_009_PROTEIN_7_KL19	5.81e-23	41.985	97.8	793	5	131	763	1	130	0.1601513240857503	0.17038007863695936	0.1601513240857503	False	KL47	KL19	virulent	virulent	False	virulent-virulent	0.41985
AOZ65519_1_K57	REC_009_PROTEIN_7_KL19	8.22e-23	45.082	97.8	843	5	122	763	1	121	0.13997627520759193	0.15858453473132372	0.13997627520759193	False	KL57	KL19	virulent	virulent	False	virulent-virulent	0.45082
BBF66868_1_K56	1723_59	1e-22	23.774	97.1	678	35	673	951	306	941	0.9424778761061947	0.668769716088328	0.668769716088328	True	KL56	KL60	virulent	prophage	False	prophage-virulent	0.23774
KPN_B2_PHAGE139_M_PROTEIN_9	KPN_B13_PHAGE002_M_PROTEIN_56	4.4e-22	29.6	96.7	1258	977	1202	967	687	916	0.17965023847376788	0.2378490175801448	0.17965023847376788	False	KL38	KL122	prediction	prediction	False	other	0.29600000000000004
0496_72	KPN_B2_PHAGE139_M_PROTEIN_9	3.51e-22	29.6	96.7	968	688	917	1258	977	1202	0.23760330578512398	0.17965023847376788	0.17965023847376788	False	KL122	KL38	prophage	prediction	False	prediction	0.29600000000000004
617_77	0496_72	4.1200000000000003e-22	29.6	96.7	1258	977	1202	968	688	917	0.17965023847376788	0.23760330578512398	0.17965023847376788	False	KL38	KL122	prophage	prophage	False	prophage-prophage	0.29600000000000004
KPN_B13_PHAGE002_M_PROTEIN_56	617_77	3.44e-22	29.6	96.7	967	687	916	1258	977	1202	0.2378490175801448	0.17965023847376788	0.17965023847376788	False	KL122	KL38	prediction	prophage	False	prediction	0.29600000000000004
KPN_B14_PHAGE090_M_PROTEIN_50	1409_62	1.08e-22	26.0	96.3	803	234	803	550	1	549	0.709838107098381	0.9981818181818182	0.709838107098381	True	KL24	KL28	prediction	prophage_notproduced	False	other	0.26
1406_54	KPN_B14_PHAGE090_M_PROTEIN_50	2.51e-22	25.59	95.5	695	137	648	803	221	735	0.7366906474820144	0.6413449564134496	0.6413449564134496	False	KL28	KL24	prophage_notproduced	prediction	False	other	0.2559
BBF66868_1_K56	1724_71	2.84e-22	23.563	95.5	678	16	673	843	173	833	0.9705014749262537	0.7841043890865955	0.7841043890865955	True	KL56	KL60	virulent	prophage	False	prophage-virulent	0.23562999999999998
BBF66844_1_KN1	REC_009_PROTEIN_7_KL19	5.35e-22	45.455	95.1	820	6	112	763	1	109	0.13048780487804879	0.14285714285714285	0.13048780487804879	False	KN1	KL19	virulent	virulent	False	virulent-virulent	0.45455
REC_009_PROTEIN_7_KL19	AXE28435_1_KN1	4.97e-22	45.455	95.1	763	1	109	820	5	111	0.14285714285714285	0.13048780487804879	0.13048780487804879	False	KL19	KN1	virulent	virulent	False	virulent-virulent	0.45455
KPN_B14_PHAGE090_M_PROTEIN_50	1344_72	8.63e-22	25.586	94.0	803	217	735	698	136	651	0.6463262764632628	0.7392550143266475	0.6463262764632628	False	KL24	KL64	prediction	prophage_notproduced	False	other	0.25586
1190_71	YP_009820105_1_K2	8.78e-22	35.079	94.0	695	131	307	907	181	356	0.25467625899280577	0.1940463065049614	0.1940463065049614	False	KL28	KL2	prophage_notproduced	virulent	False	prophage_notproduced	0.35079
QTP95996_1_K13/K2	1190_71	1.2600000000000002e-21	34.737	94.0	907	181	356	695	131	307	0.1940463065049614	0.25467625899280577	0.1940463065049614	False	KL13/K2	KL28	virulent	prophage_notproduced	False	prophage_notproduced	0.34737
QUU29414_1_K2	1190_71	1.2800000000000001e-21	34.737	94.0	907	181	356	695	131	307	0.1940463065049614	0.25467625899280577	0.1940463065049614	False	KL2	KL28	virulent	prophage_notproduced	False	prophage_notproduced	0.34737
1664_74	738_68	1.38e-21	37.209	93.6	777	1	150	742	1	170	0.19305019305019305	0.22911051212938005	0.19305019305019305	False	KL12	KL143	prophage_notproduced	prophage	False	prophage_notproduced	0.37209000000000003
UPW42726_1_K2	1190_71	1.4000000000000002e-21	34.737	93.6	907	181	356	695	131	307	0.1940463065049614	0.25467625899280577	0.1940463065049614	False	KL2	KL28	virulent	prophage_notproduced	False	prophage_notproduced	0.34737
YP_009820105_1_K2	1251_37	3.850000000000001e-21	35.912	92.4	907	191	356	677	125	291	0.18302094818081588	0.2466765140324963	0.18302094818081588	False	KL2	KL28	virulent	prophage	False	prophage-virulent	0.35912
YP_009153197_1_K11	YP_009153200_1_K35	2.6200000000000003e-21	26.995	92.4	702	1	379	779	1	369	0.5398860398860399	0.47368421052631576	0.47368421052631576	False	KL11	KL35	virulent	virulent	False	virulent-virulent	0.26995
1343_36	YP_009153197_1_K11	3.1500000000000004e-21	25.648	92.4	795	118	496	702	92	430	0.4767295597484277	0.4829059829059829	0.4767295597484277	False	KL64	KL11	prophage_notproduced	virulent	False	prophage_notproduced	0.25648
QUU29414_1_K2	1251_37	4.57e-21	35.556	92.0	907	191	356	677	125	291	0.18302094818081588	0.2466765140324963	0.18302094818081588	False	KL2	KL28	virulent	prophage	False	prophage-virulent	0.35556
QTP95996_1_K13/K2	UCR74082_1_K7	7.54e-21	31.727	92.0	907	196	419	1180	432	665	0.24696802646085997	0.19830508474576272	0.19830508474576272	False	KL13/K2	KL7	virulent	virulent	False	virulent-virulent	0.31727
QTP95996_1_K13/K2	1251_37	5.16e-21	35.556	92.0	907	191	356	677	125	291	0.18302094818081588	0.2466765140324963	0.18302094818081588	False	KL13/K2	KL28	virulent	prophage	False	prophage-virulent	0.35556
UPW42726_1_K2	UCR74082_1_K7	8.360000000000001e-21	31.727	91.7	907	196	419	1180	432	665	0.24696802646085997	0.19830508474576272	0.19830508474576272	False	KL2	KL7	virulent	virulent	False	virulent-virulent	0.31727
YP_009820105_1_K2	UCR74082_1_K7	8.8e-21	31.727	91.7	907	196	419	1180	432	665	0.24696802646085997	0.19830508474576272	0.19830508474576272	False	KL2	KL7	virulent	virulent	False	virulent-virulent	0.31727
1863_75	KPN_B2_PHAGE139_M_PROTEIN_9	1.09e-20	30.638	91.7	927	10	226	1258	6	235	0.23408845738942827	0.18282988871224165	0.18282988871224165	False	KL7	KL38	prophage_inactive	prediction	False	other	0.30638000000000004
1863_75	617_77	1.09e-20	30.638	91.7	927	10	226	1258	6	235	0.23408845738942827	0.18282988871224165	0.18282988871224165	False	KL7	KL38	prophage_inactive	prophage	False	prophage_inactive	0.30638000000000004
UPW42726_1_K2	1251_37	5.4400000000000005e-21	35.556	91.7	907	191	356	677	125	291	0.18302094818081588	0.2466765140324963	0.18302094818081588	False	KL2	KL28	virulent	prophage	False	prophage-virulent	0.35556
KPN_B2_PHAGE064_M_PROTEIN_80	KPN_B2_PHAGE139_M_PROTEIN_9	1.09e-20	30.638	91.7	927	10	226	1258	6	235	0.23408845738942827	0.18282988871224165	0.18282988871224165	False	KL7	KL38	prediction	prediction	False	other	0.30638000000000004
KPN_B2_PHAGE064_M_PROTEIN_80	617_77	1.09e-20	30.638	91.7	927	10	226	1258	6	235	0.23408845738942827	0.18282988871224165	0.18282988871224165	False	KL7	KL38	prediction	prophage	False	prediction	0.30638000000000004
1248_60	KPN_B14_PHAGE090_M_PROTEIN_50	3.1900000000000003e-21	25.607	91.3	546	1	499	803	234	735	0.9139194139194139	0.6251556662515566	0.6251556662515566	False	KL28	KL24	prophage_notproduced	prediction	False	other	0.25607
QUU29414_1_K2	UCR74082_1_K7	1.34e-20	40.876	91.3	907	196	327	1180	432	562	0.14553472987872107	0.11101694915254237	0.11101694915254237	False	KL2	KL7	virulent	virulent	False	virulent-virulent	0.40875999999999996
BBF66888_1_KN4	KPN_B20_PHAGE487_M_PROTEIN_8	1.22e-20	32.661	90.9	850	80	314	880	81	320	0.27647058823529413	0.2727272727272727	0.2727272727272727	False	KN4	KL64	virulent	prediction	False	prediction	0.32661
BBF66888_1_KN4	1091_44	1.14e-20	32.661	90.9	850	80	314	880	81	320	0.27647058823529413	0.2727272727272727	0.2727272727272727	False	KN4	KL64	virulent	prophage	False	prophage-virulent	0.32661
1248_60	KPN_B4_PHAGE180_M_PROTEIN_15	4.19e-21	22.766	90.5	546	1	545	707	134	707	0.9981684981684982	0.8118811881188119	0.8118811881188119	True	KL28	KL24	prophage_notproduced	prediction	False	other	0.22765999999999997
BBF66868_1_K56	KVV_B3_PHAGE102_M_PROTEIN_79	7.75e-21	26.702	90.5	678	35	398	652	7	366	0.5368731563421829	0.5521472392638037	0.5368731563421829	False	KL56	KL60	virulent	prediction	False	prediction	0.26702000000000004
1538_54	1406_54	3.68e-20	35.374	89.0	900	228	369	695	75	216	0.15777777777777777	0.20431654676258992	0.15777777777777777	False	KL140	KL28	prophage_notproduced	prophage_notproduced	False	other	0.35374
876_57	BBF66888_1_KN4	2.6e-08	31.24904850746269	88.9	850	135	372	850	122	277	0.28	0.18352941176470589	0.18352941176470589	False	KL28	KN4	prophage_notproduced	virulent	False	prophage_notproduced	0.3124904850746269
KPN_B20_PHAGE487_M_PROTEIN_8	YP_009153197_1_K11	6.96e-20	25.668	88.2	880	219	585	702	108	434	0.41704545454545455	0.4658119658119658	0.41704545454545455	False	KL64	KL11	prediction	virulent	False	prediction	0.25668
1091_44	YP_009153197_1_K11	8.48e-20	25.668	87.8	880	219	585	702	108	434	0.41704545454545455	0.4658119658119658	0.41704545454545455	False	KL64	KL11	prophage	virulent	False	prophage-virulent	0.25668
QTP95996_1_K13/K2	1406_54	1.32e-19	46.154	87.4	907	181	280	695	131	234	0.11025358324145534	0.14964028776978416	0.11025358324145534	False	KL13/K2	KL28	virulent	prophage_notproduced	False	prophage_notproduced	0.46154000000000006
YP_009820105_1_K2	1406_54	1.43e-19	46.154	87.4	907	181	280	695	131	234	0.11025358324145534	0.14964028776978416	0.11025358324145534	False	KL2	KL28	virulent	prophage_notproduced	False	prophage_notproduced	0.46154000000000006
KQS_B1_PHAGE068_M_PROTEIN_82	KPN_B8_PHAGE124_M_PROTEIN_72	8.78e-20	43.519	87.4	813	61	167	634	44	143	0.13161131611316113	0.15772870662460567	0.13161131611316113	False	KL127	KL111	prediction	prediction	False	other	0.43518999999999997
321_71	1664_74	9.31e-20	37.324	87.4	690	10	148	777	7	143	0.20144927536231885	0.17631917631917632	0.17631917631917632	False	KL127	KL12	prophage_notproduced	prophage_notproduced	False	other	0.37323999999999996
UPW42726_1_K2	1406_54	1.39e-19	46.154	87.4	907	181	280	695	131	234	0.11025358324145534	0.14964028776978416	0.11025358324145534	False	KL2	KL28	virulent	prophage_notproduced	False	prophage_notproduced	0.46154000000000006
1538_54	1190_71	1.16e-19	36.364	87.4	900	228	365	695	75	212	0.15333333333333332	0.1985611510791367	0.15333333333333332	False	KL140	KL28	prophage_notproduced	prophage_notproduced	False	other	0.36363999999999996
QUU29414_1_K2	1406_54	1.42e-19	46.154	87.4	907	181	280	695	131	234	0.11025358324145534	0.14964028776978416	0.11025358324145534	False	KL2	KL28	virulent	prophage_notproduced	False	prophage_notproduced	0.46154000000000006
876_57	1091_44	1.81e-19	26.211	87.0	850	1	338	880	1	260	0.3976470588235294	0.29545454545454547	0.29545454545454547	False	KL28	KL64	prophage_notproduced	prophage	False	prophage_notproduced	0.26211
876_57	KPN_B20_PHAGE487_M_PROTEIN_8	1.84e-19	26.211	87.0	850	1	338	880	1	260	0.3976470588235294	0.29545454545454547	0.29545454545454547	False	KL28	KL64	prophage_notproduced	prediction	False	other	0.26211
1664_74	914_74	1.86e-19	37.324	86.7	777	7	143	666	10	148	0.17631917631917632	0.2087087087087087	0.17631917631917632	False	KL12	KL62	prophage_notproduced	prophage	False	prophage_notproduced	0.37323999999999996
1664_74	1248_57	1.53e-19	37.324	86.7	777	7	143	704	10	148	0.17631917631917632	0.19744318181818182	0.17631917631917632	False	KL12	KL23	prophage_notproduced	prophage	False	prophage_notproduced	0.37323999999999996
1863_75	1664_74	2.33e-19	39.735	86.7	927	78	228	777	50	187	0.162891046386192	0.1776061776061776	0.162891046386192	False	KL7	KL12	prophage_inactive	prophage_notproduced	False	other	0.39735
KPN_B2_PHAGE064_M_PROTEIN_80	1664_74	2.33e-19	39.735	86.7	927	78	228	777	50	187	0.162891046386192	0.1776061776061776	0.162891046386192	False	KL7	KL12	prediction	prophage_notproduced	False	other	0.39735
1664_74	1441_47	1.61e-19	37.324	86.7	777	7	143	704	10	148	0.17631917631917632	0.19744318181818182	0.17631917631917632	False	KL12	KL23	prophage_notproduced	prophage	False	prophage_notproduced	0.37323999999999996
738_68	617_77	3.17e-19	32.749	86.3	742	5	156	1258	4	174	0.20485175202156333	0.1359300476947536	0.1359300476947536	False	KL143	KL38	prophage	prophage	False	prophage-prophage	0.32749
KPN_B2_PHAGE139_M_PROTEIN_9	738_68	5.38e-19	32.749	86.3	1258	4	174	742	5	156	0.1359300476947536	0.20485175202156333	0.1359300476947536	False	KL38	KL143	prediction	prophage	False	prediction	0.32749
391_03	1248_60	1.48e-19	26.128	86.3	736	164	671	546	1	496	0.6902173913043478	0.9084249084249084	0.6902173913043478	False	KL3	KL28	prophage	prophage_notproduced	False	prophage_notproduced	0.26128
KQS_B1_PHAGE068_M_PROTEIN_82	1664_74	2.68e-19	34.32	86.3	813	10	173	777	7	169	0.2017220172201722	0.2097812097812098	0.2017220172201722	False	KL127	KL12	prediction	prophage_notproduced	False	other	0.3432
REC_009_PROTEIN_7_KL19	1921_77	2.86e-19	38.281	85.9	763	148	257	701	55	180	0.14416775884665792	0.1797432239657632	0.14416775884665792	False	KL19	KL9	virulent	prophage_notproduced	False	prophage_notproduced	0.38281
KPN_B8_PHAGE124_M_PROTEIN_72	914_74	2.04e-19	35.632	85.9	634	44	208	666	61	223	0.26025236593059936	0.24474474474474475	0.24474474474474475	False	KL111	KL62	prediction	prophage	False	prediction	0.35631999999999997
QUU29414_1_K2	1344_72	5.86e-19	47.872	85.5	907	191	280	698	144	237	0.09922822491730982	0.1346704871060172	0.09922822491730982	False	KL2	KL64	virulent	prophage_notproduced	False	prophage_notproduced	0.47872
QTP95996_1_K13/K2	1344_72	5.71e-19	47.872	85.5	907	191	280	698	144	237	0.09922822491730982	0.1346704871060172	0.09922822491730982	False	KL13/K2	KL64	virulent	prophage_notproduced	False	prophage_notproduced	0.47872
YP_009820105_1_K2	1344_72	5.66e-19	47.872	85.5	907	191	280	698	144	237	0.09922822491730982	0.1346704871060172	0.09922822491730982	False	KL2	KL64	virulent	prophage_notproduced	False	prophage_notproduced	0.47872
APZ82804_1_K30/K69	KPN_B14_PHAGE135_M_PROTEIN_36	7.23e-19	27.601	85.1	792	252	685	870	313	752	0.547979797979798	0.5057471264367817	0.5057471264367817	False	KL30/K69	KL30	virulent	prediction	True	prediction	0.27601
1344_72	UPW42726_1_K2	5.04e-19	47.872	85.1	698	144	237	907	191	280	0.1346704871060172	0.09922822491730982	0.09922822491730982	False	KL64	KL2	prophage_notproduced	virulent	False	prophage_notproduced	0.47872
QTP95996_1_K13/K2	876_57	1.22e-18	47.872	84.3	907	191	280	850	292	385	0.09922822491730982	0.11058823529411765	0.09922822491730982	False	KL13/K2	KL28	virulent	prophage_notproduced	False	prophage_notproduced	0.47872
UPW42726_1_K2	876_57	1.43e-18	47.872	84.3	907	191	280	850	292	385	0.09922822491730982	0.11058823529411765	0.09922822491730982	False	KL2	KL28	virulent	prophage_notproduced	False	prophage_notproduced	0.47872
QUU29414_1_K2	876_57	1.24e-18	47.872	84.3	907	191	280	850	292	385	0.09922822491730982	0.11058823529411765	0.09922822491730982	False	KL2	KL28	virulent	prophage_notproduced	False	prophage_notproduced	0.47872
876_57	YP_009820105_1_K2	1.22e-18	47.872	84.3	850	292	385	907	191	280	0.11058823529411765	0.09922822491730982	0.09922822491730982	False	KL28	KL2	prophage_notproduced	virulent	False	prophage_notproduced	0.47872
391_03	1409_62	6.16e-19	25.891	84.3	736	164	669	550	1	495	0.6875	0.9	0.6875	False	KL3	KL28	prophage	prophage_notproduced	False	prophage_notproduced	0.25891
1664_74	617_77	1.82e-18	34.337	84.0	777	7	139	1258	10	174	0.17117117117117117	0.13116057233704292	0.13116057233704292	False	KL12	KL38	prophage_notproduced	prophage	False	prophage_notproduced	0.34337
KPN_B2_PHAGE139_M_PROTEIN_9	1664_74	2.95e-18	34.337	84.0	1258	10	174	777	7	139	0.13116057233704292	0.17117117117117117	0.13116057233704292	False	KL38	KL12	prediction	prophage_notproduced	False	other	0.34337
QTP95996_1_K13/K2	KPN_B13_PHAGE067_M_PROTEIN_74	2.13e-18	46.809	83.6	907	191	280	698	144	237	0.09922822491730982	0.1346704871060172	0.09922822491730982	False	KL13/K2	KL28	virulent	prediction	False	prediction	0.46808999999999995
KPN_B13_PHAGE067_M_PROTEIN_74	QUU29414_1_K2	1.68e-18	46.809	83.6	698	144	237	907	191	280	0.1346704871060172	0.09922822491730982	0.09922822491730982	False	KL28	KL2	prediction	virulent	False	prediction	0.46808999999999995
UPW42726_1_K2	KPN_B13_PHAGE067_M_PROTEIN_74	2.13e-18	46.809	83.6	907	191	280	698	144	237	0.09922822491730982	0.1346704871060172	0.09922822491730982	False	KL2	KL28	virulent	prediction	False	prediction	0.46808999999999995
YP_009820105_1_K2	KPN_B13_PHAGE067_M_PROTEIN_74	2.21e-18	46.809	83.6	907	191	280	698	144	237	0.09922822491730982	0.1346704871060172	0.09922822491730982	False	KL2	KL28	virulent	prediction	False	prediction	0.46808999999999995
REC_009_PROTEIN_7_KL19	KPN_B7_PHAGE164_M_PROTEIN_57	1.82e-18	50.575	83.6	763	147	232	803	219	305	0.1127129750982962	0.10834371108343711	0.10834371108343711	False	KL19	KL25	virulent	prediction	False	prediction	0.50575
REC_009_PROTEIN_7_KL19	1248_57	2.58e-18	37.5	82.8	763	148	257	704	58	183	0.14416775884665792	0.17897727272727273	0.14416775884665792	False	KL19	KL23	virulent	prophage	False	prophage-virulent	0.375
KPN_B8_PHAGE124_M_PROTEIN_72	1441_47	2.12e-18	46.316	82.8	634	48	134	704	65	158	0.13722397476340695	0.13352272727272727	0.13352272727272727	False	KL111	KL23	prediction	prophage	False	prediction	0.46316
KPN_B8_PHAGE124_M_PROTEIN_72	1921_77	2.08e-18	46.316	82.8	634	48	134	701	62	155	0.13722397476340695	0.1340941512125535	0.1340941512125535	False	KL111	KL9	prediction	prophage_notproduced	False	other	0.46316
1724_71	1663_69	4e-18	46.809	82.4	843	94	186	745	54	147	0.1103202846975089	0.1261744966442953	0.1103202846975089	False	KL60	KL12	prophage	prophage_notproduced	False	prophage_notproduced	0.46808999999999995
1631_52	UVD31996_1_K20	4.53e-18	37.58	82.4	822	137	286	790	93	233	0.18248175182481752	0.17848101265822786	0.17848101265822786	False	KL10	KL20	prophage_notproduced	virulent	False	prophage_notproduced	0.37579999999999997
1248_57	KPN_B8_PHAGE124_M_PROTEIN_72	2.64e-18	46.316	82.4	704	65	158	634	48	134	0.13352272727272727	0.13722397476340695	0.13352272727272727	False	KL23	KL111	prophage	prediction	False	prediction	0.46316
QIW88225_1_K23	ATI16495_1_K57	2.63e-18	55.263	82.0	607	47	122	721	141	215	0.12520593080724876	0.10402219140083217	0.10402219140083217	False	KL23	KL57	virulent	virulent	False	virulent-virulent	0.55263
KPN_B6_PHAGE307_M_PROTEIN_10	1248_60	3.1e-18	25.338	82.0	736	164	660	546	1	481	0.6752717391304348	0.8809523809523809	0.6752717391304348	False	KL3	KL28	prediction	prophage_notproduced	False	other	0.25338
REC_009_PROTEIN_7_KL19	1441_47	4.97e-18	36.719	82.0	763	148	257	704	58	183	0.14416775884665792	0.17897727272727273	0.14416775884665792	False	KL19	KL23	virulent	prophage	False	prophage-virulent	0.36719
1630_70	1663_69	9.46e-18	45.161	81.6	929	73	165	745	57	147	0.10010764262648009	0.1221476510067114	0.10010764262648009	False	KL10	KL12	prophage_inactive	prophage_notproduced	False	other	0.45161
KVV_B2_PHAGE059_M_PROTEIN_71	1663_69	9.46e-18	45.161	81.6	929	73	165	745	57	147	0.10010764262648009	0.1221476510067114	0.10010764262648009	False	KL10	KL12	prediction	prophage_notproduced	False	other	0.45161
KPN_B2_PHAGE139_M_PROTEIN_9	YP_003347555_1_K3	1.76e-17	40.777	81.6	1258	1066	1168	869	737	838	0.08187599364069953	0.11737629459148446	0.08187599364069953	False	KL38	KL3	prediction	virulent	False	prediction	0.40777
617_77	YP_003347555_1_K3	1.76e-17	40.777	81.6	1258	1066	1168	869	737	838	0.08187599364069953	0.11737629459148446	0.08187599364069953	False	KL38	KL3	prophage	virulent	False	prophage-virulent	0.40777
1409_59	KPN_B20_PHAGE487_M_PROTEIN_8	9.28e-18	31.364	81.6	852	1	211	880	1	193	0.2476525821596244	0.21931818181818183	0.21931818181818183	False	KL23	KL64	prophage	prediction	False	prediction	0.31364000000000003
1091_44	1409_59	9.84e-18	31.364	81.6	880	1	193	852	1	211	0.21931818181818183	0.2476525821596244	0.21931818181818183	False	KL64	KL23	prophage	prophage	False	prophage-prophage	0.31364000000000003
1409_62	YP_009820105_1_K2	6.92e-18	49.412	80.9	550	1	85	907	200	280	0.15454545454545454	0.08930540242557883	0.08930540242557883	False	KL28	KL2	prophage_notproduced	virulent	False	prophage_notproduced	0.49412
1409_62	QTP95996_1_K13/K2	7.29e-18	49.412	80.9	550	1	85	907	200	280	0.15454545454545454	0.08930540242557883	0.08930540242557883	False	KL28	KL13/K2	prophage_notproduced	virulent	False	prophage_notproduced	0.49412
YP_009226011_1_K63	1723_62	1.38e-17	45.0	80.9	883	193	285	629	1	97	0.10532276330690826	0.15421303656597773	0.10532276330690826	False	KL63	KL60	virulent	prophage_notproduced	False	prophage_notproduced	0.45
YP_009820105_1_K2	1248_60	1.18e-17	49.412	80.9	907	200	280	546	1	85	0.08930540242557883	0.15567765567765568	0.08930540242557883	False	KL2	KL28	virulent	prophage_notproduced	False	prophage_notproduced	0.49412
QUU29414_1_K2	1409_62	1.08e-17	49.412	80.9	907	200	280	550	1	85	0.08930540242557883	0.15454545454545454	0.08930540242557883	False	KL2	KL28	virulent	prophage_notproduced	False	prophage_notproduced	0.49412
QUU29414_1_K2	1248_60	1.17e-17	49.412	80.9	907	200	280	546	1	85	0.08930540242557883	0.15567765567765568	0.08930540242557883	False	KL2	KL28	virulent	prophage_notproduced	False	prophage_notproduced	0.49412
UPW42726_1_K2	1248_60	1.15e-17	49.412	80.9	907	200	280	546	1	85	0.08930540242557883	0.15567765567765568	0.08930540242557883	False	KL2	KL28	virulent	prophage_notproduced	False	prophage_notproduced	0.49412
QTP95996_1_K13/K2	1248_60	1.15e-17	49.412	80.9	907	200	280	546	1	85	0.08930540242557883	0.15567765567765568	0.08930540242557883	False	KL13/K2	KL28	virulent	prophage_notproduced	False	prophage_notproduced	0.49412
UPW42726_1_K2	1409_62	1.18e-17	49.412	80.9	907	200	280	550	1	85	0.08930540242557883	0.15454545454545454	0.08930540242557883	False	KL2	KL28	virulent	prophage_notproduced	False	prophage_notproduced	0.49412
1538_54	KPN_B13_PHAGE067_M_PROTEIN_74	1.59e-17	34.659	80.5	900	223	390	698	77	247	0.18666666666666668	0.24498567335243554	0.18666666666666668	False	KL140	KL28	prophage_notproduced	prediction	False	other	0.34659
REC_009_PROTEIN_7_KL19	1723_59	3.39e-17	56.164	79.7	763	147	218	951	220	292	0.09436435124508519	0.07676130389064142	0.07676130389064142	False	KL19	KL60	virulent	prophage	False	prophage-virulent	0.56164
KPN_B6_PHAGE307_M_PROTEIN_10	1409_62	2.53e-17	25.287	79.3	736	164	658	550	1	484	0.6725543478260869	0.88	0.6725543478260869	False	KL3	KL28	prediction	prophage_notproduced	False	other	0.25287
KPN_B11_PHAGE013_M_PROTEIN_11	UVD31996_1_K20	5.22e-17	46.154	79.3	913	137	227	790	93	179	0.09967141292442497	0.11012658227848102	0.09967141292442497	False	KL3	KL20	prediction	virulent	False	prediction	0.46154000000000006
914_74	1668_49	2.37e-17	47.312	79.3	666	61	152	702	44	127	0.13813813813813813	0.11965811965811966	0.11965811965811966	False	KL62	KL2	prophage	prophage_notproduced	False	prophage_notproduced	0.47312
ATI16495_1_K57	QOV05454_1_K64	3.98e-17	31.28	79.3	721	90	290	1017	189	389	0.2787794729542302	0.1976401179941003	0.1976401179941003	False	KL57	KL64	virulent	virulent	False	virulent-virulent	0.3128
KPN_B8_PHAGE124_M_PROTEIN_72	321_71	3.19e-17	43.75	79.0	634	44	131	690	61	155	0.138801261829653	0.13768115942028986	0.13768115942028986	False	KL111	KL127	prediction	prophage_notproduced	False	other	0.4375
1668_49	KQS_B1_PHAGE068_M_PROTEIN_82	4.02e-17	47.312	79.0	702	44	127	813	61	152	0.11965811965811966	0.11316113161131611	0.11316113161131611	False	KL2	KL127	prophage_notproduced	prediction	False	other	0.47312
ATI16495_1_K57	YP_009797016_1_K64	4.34e-17	33.333	79.0	721	90	241	1017	189	342	0.21081830790568654	0.15142576204523106	0.15142576204523106	False	KL57	KL64	virulent	virulent	False	virulent-virulent	0.33332999999999996
REC_009_PROTEIN_7_KL19	1538_54	4.96e-17	56.164	79.0	763	147	218	900	220	292	0.09436435124508519	0.0811111111111111	0.0811111111111111	False	KL19	KL140	virulent	prophage_notproduced	False	prophage_notproduced	0.56164
1538_54	1344_72	5.08e-17	35.135	79.0	900	223	369	698	77	219	0.16333333333333333	0.20487106017191978	0.16333333333333333	False	KL140	KL64	prophage_notproduced	prophage_notproduced	False	other	0.35135
0367_12	UVD31996_1_K20	7.35e-17	41.071	78.6	851	150	261	790	93	188	0.13160987074030553	0.12151898734177215	0.12151898734177215	False	KL62	KL20	prophage	virulent	False	prophage-virulent	0.41070999999999996
UVD31996_1_K20	KPN_B20_PHAGE048_M_PROTEIN_10	6.99e-17	41.071	78.6	790	93	188	837	136	247	0.12151898734177215	0.13381123058542413	0.12151898734177215	False	KL20	KL62	virulent	prediction	False	prediction	0.41070999999999996
BBF66888_1_KN4	1251_37	6.16e-17	28.019	78.6	850	97	277	677	1	205	0.21294117647058824	0.30280649926144754	0.21294117647058824	False	KN4	KL28	virulent	prophage	False	prophage-virulent	0.28019
1538_54	1723_62	5.8e-17	46.429	78.6	900	301	384	629	1	84	0.09333333333333334	0.13354531001589826	0.09333333333333334	False	KL140	KL60	prophage_notproduced	prophage_notproduced	False	other	0.46429000000000004
321_71	1668_49	6.24e-17	47.191	78.2	690	61	148	702	44	124	0.12753623188405797	0.11538461538461539	0.11538461538461539	False	KL127	KL2	prophage_notproduced	prophage_notproduced	False	other	0.47191000000000005
UPW42650_1_K2	YP_009153197_1_K11	7.08e-17	27.891	78.2	763	203	480	702	104	391	0.36435124508519	0.41025641025641024	0.36435124508519	False	KL2	KL11	virulent	virulent	False	virulent-virulent	0.27891
UVD31996_1_K20	0391_11	7.76e-17	41.071	78.2	790	93	188	839	138	249	0.12151898734177215	0.133492252681764	0.12151898734177215	False	KL20	KL62	virulent	prophage	False	prophage-virulent	0.41070999999999996
UPW42650_1_K2	1723_62	8.5e-17	40.0	77.8	763	207	304	629	1	105	0.12844036697247707	0.1669316375198728	0.12844036697247707	False	KL2	KL60	virulent	prophage_notproduced	False	prophage_notproduced	0.4
KPN_B8_PHAGE124_M_PROTEIN_72	1406_54	8.93e-17	46.392	77.4	634	44	132	695	58	150	0.14037854889589904	0.13381294964028778	0.13381294964028778	False	KL111	KL28	prediction	prophage_notproduced	False	other	0.46392000000000005
876_57	REC_009_PROTEIN_7_KL19	1.56e-16	53.425	77.4	850	220	292	763	147	218	0.08588235294117647	0.09436435124508519	0.08588235294117647	False	KL28	KL19	prophage_notproduced	virulent	False	prophage_notproduced	0.53425
KPN_B8_PHAGE124_M_PROTEIN_72	1190_71	9.08e-17	46.392	77.4	634	44	132	695	58	150	0.14037854889589904	0.13381294964028778	0.13381294964028778	False	KL111	KL28	prediction	prophage_notproduced	False	other	0.46392000000000005
BBF66888_1_KN4	666_83	1.75e-16	38.462	77.4	850	122	226	773	133	262	0.12352941176470589	0.16817593790426907	0.12352941176470589	False	KN4	KL116	virulent	prophage_notproduced	False	prophage_notproduced	0.38462
YP_009153200_1_K35	REC_028_PROTEIN_295_KL51	1.9e-16	47.191	77.0	779	1	89	809	1	88	0.11424903722721438	0.10877626699629171	0.10877626699629171	False	KL35	KL51	virulent	virulent	False	virulent-virulent	0.47191000000000005
1343_36	1668_49	1.59e-16	30.061	77.0	795	1	163	702	1	158	0.2050314465408805	0.22507122507122507	0.2050314465408805	False	KL64	KL2	prophage_notproduced	prophage_notproduced	False	other	0.30061
1921_77	1668_49	2.62e-16	46.237	76.3	701	58	149	702	44	127	0.1312410841654779	0.11965811965811966	0.11965811965811966	False	KL9	KL2	prophage_notproduced	prophage_notproduced	False	other	0.46237
1248_57	1668_49	2.58e-16	46.237	76.3	704	61	152	702	44	127	0.13068181818181818	0.11965811965811966	0.11965811965811966	False	KL23	KL2	prophage	prophage_notproduced	False	prophage_notproduced	0.46237
1668_49	1441_47	2.34e-16	46.237	76.3	702	44	127	704	61	152	0.11965811965811966	0.13068181818181818	0.11965811965811966	False	KL2	KL23	prophage_notproduced	prophage	False	prophage_notproduced	0.46237
YP_009153195_1_KN4	REC_028_PROTEIN_295_KL51	4.15e-16	39.669	75.9	736	1	120	809	1	119	0.16304347826086957	0.14709517923362175	0.14709517923362175	False	KN4	KL51	virulent	virulent	False	virulent-virulent	0.39669
617_77	KPN_B6_PHAGE307_M_PROTEIN_10	1.23e-15	30.46	75.5	1258	9	182	736	13	163	0.1383147853736089	0.20516304347826086	0.1383147853736089	False	KL38	KL3	prophage	prediction	False	prediction	0.3046
1815_56	UVD31996_1_K20	8.12e-16	41.593	75.5	937	137	249	790	93	189	0.12059765208110992	0.12278481012658228	0.12059765208110992	False	KL4	KL20	prophage_notproduced	virulent	False	prophage_notproduced	0.41593
KPN_B2_PHAGE139_M_PROTEIN_9	KPN_B6_PHAGE307_M_PROTEIN_10	1.23e-15	30.46	75.5	1258	9	182	736	13	163	0.1383147853736089	0.20516304347826086	0.1383147853736089	False	KL38	KL3	prediction	prediction	False	other	0.3046
YP_009153197_1_K11	BBF66868_1_K56	3.71e-16	25.722	75.5	702	95	439	678	17	391	0.49145299145299143	0.5530973451327433	0.49145299145299143	False	KL11	KL56	virulent	virulent	False	virulent-virulent	0.25722
KPN_B20_PHAGE487_M_PROTEIN_8	KPN_B7_PHAGE164_M_PROTEIN_57	9.82e-16	30.734	75.1	880	3	193	803	2	210	0.21704545454545454	0.2602739726027397	0.21704545454545454	False	KL64	KL25	prediction	prediction	False	other	0.30734
1091_44	KPN_B7_PHAGE164_M_PROTEIN_57	1.03e-15	30.734	75.1	880	3	193	803	2	210	0.21704545454545454	0.2602739726027397	0.21704545454545454	False	KL64	KL25	prophage	prediction	False	prediction	0.30734
BBF66888_1_KN4	KPN_B14_PHAGE090_M_PROTEIN_50	1.11e-15	33.333	74.7	850	122	261	803	132	287	0.16470588235294117	0.19427148194271482	0.16470588235294117	False	KN4	KL24	virulent	prediction	False	prediction	0.33332999999999996
UCR74082_1_K7	YP_009153200_1_K35	2.34e-15	31.351	74.3	1180	965	1141	779	592	762	0.15	0.21951219512195122	0.15	True	KL7	KL35	virulent	virulent	False	virulent-virulent	0.31351
KPN_B2_PHAGE139_M_PROTEIN_9	KPN_B13_PHAGE067_M_PROTEIN_74	3.12e-15	37.398	73.9	1258	74	189	698	37	159	0.09220985691573927	0.17621776504297995	0.09220985691573927	False	KL38	KL28	prediction	prediction	False	other	0.37398000000000003
1663_69	617_77	1.91e-15	35.78	73.9	745	37	145	1258	74	174	0.14630872483221477	0.08028616852146264	0.08028616852146264	False	KL12	KL38	prophage_notproduced	prophage	False	prophage_notproduced	0.3578
1344_72	617_77	1.72e-15	37.398	73.9	698	37	159	1258	74	189	0.17621776504297995	0.09220985691573927	0.09220985691573927	False	KL64	KL38	prophage_notproduced	prophage	False	prophage_notproduced	0.37398000000000003
1663_69	KPN_B2_PHAGE139_M_PROTEIN_9	1.91e-15	35.78	73.9	745	37	145	1258	74	174	0.14630872483221477	0.08028616852146264	0.08028616852146264	False	KL12	KL38	prophage_notproduced	prediction	False	other	0.3578
1723_62	1723_59	1.35e-15	24.863	73.9	629	1	342	951	301	647	0.5437201907790143	0.3648790746582545	0.3648790746582545	False	KL60	KL60	prophage_notproduced	prophage	True	prophage_notproduced	0.24863
1344_72	KPN_B2_PHAGE139_M_PROTEIN_9	1.72e-15	37.398	73.9	698	37	159	1258	74	189	0.17621776504297995	0.09220985691573927	0.09220985691573927	False	KL64	KL38	prophage_notproduced	prediction	False	other	0.37398000000000003
KPN_B2_PHAGE139_M_PROTEIN_9	391_03	3.45e-15	30.46	73.9	1258	9	182	736	13	163	0.1383147853736089	0.20516304347826086	0.1383147853736089	False	KL38	KL3	prediction	prophage	False	prediction	0.3046
617_77	KPN_B13_PHAGE067_M_PROTEIN_74	3.12e-15	37.398	73.9	1258	74	189	698	37	159	0.09220985691573927	0.17621776504297995	0.09220985691573927	False	KL38	KL28	prophage	prediction	False	prediction	0.37398000000000003
617_77	391_03	3.45e-15	30.46	73.9	1258	9	182	736	13	163	0.1383147853736089	0.20516304347826086	0.1383147853736089	False	KL38	KL3	prophage	prophage	False	prophage-prophage	0.3046
1723_62	1724_71	1.09e-15	24.59	73.9	629	1	342	843	193	539	0.5437201907790143	0.41162514827995256	0.41162514827995256	False	KL60	KL60	prophage_notproduced	prophage	True	prophage_notproduced	0.2459
KPN_B13_PHAGE002_M_PROTEIN_56	YP_003347555_1_K3	3.68e-15	36.134	73.6	967	784	902	869	742	845	0.12306101344364012	0.11967779056386652	0.11967779056386652	False	KL122	KL3	prediction	virulent	False	prediction	0.36134
0496_72	YP_003347555_1_K3	3.6e-15	36.134	73.6	968	785	903	869	742	845	0.12293388429752067	0.11967779056386652	0.11967779056386652	False	KL122	KL3	prophage	virulent	False	prophage-virulent	0.36134
YP_009153200_1_K35	UCR74085_1_K20	2.04e-15	29.778	73.6	779	7	231	723	7	199	0.2888318356867779	0.2669432918395574	0.2669432918395574	False	KL35	KL20	virulent	virulent	False	virulent-virulent	0.29778
1630_70	391_03	3.7e-15	33.588	73.2	929	33	163	736	39	155	0.14101184068891282	0.15896739130434784	0.14101184068891282	False	KL10	KL3	prophage_inactive	prophage	False	prophage_inactive	0.33588
KVV_B2_PHAGE059_M_PROTEIN_71	391_03	3.7e-15	33.588	73.2	929	33	163	736	39	155	0.14101184068891282	0.15896739130434784	0.14101184068891282	False	KL10	KL3	prediction	prophage	False	prediction	0.33588
BBF66888_1_KN4	KPN_B13_PHAGE002_M_PROTEIN_56	4e-15	46.316	73.2	850	122	204	967	133	227	0.0976470588235294	0.09824198552223372	0.0976470588235294	False	KN4	KL122	virulent	prediction	False	prediction	0.46316
BBF66888_1_KN4	0496_72	4e-15	46.316	73.2	850	122	204	968	134	228	0.0976470588235294	0.0981404958677686	0.0976470588235294	False	KN4	KL122	virulent	prophage	False	prophage-virulent	0.46316
YP_009153195_1_KN4	YP_009153200_1_K35	4.58e-15	33.728	72.4	736	1	169	779	1	160	0.2296195652173913	0.20539152759948653	0.20539152759948653	False	KN4	KL35	virulent	virulent	False	virulent-virulent	0.33728
KPN_B2_PHAGE064_M_PROTEIN_80	1724_71	8.07e-15	27.491	72.0	927	10	263	843	6	288	0.2740021574973031	0.33570581257413995	0.2740021574973031	False	KL7	KL60	prediction	prophage	False	prediction	0.27491
1863_75	1724_71	8.07e-15	27.491	72.0	927	10	263	843	6	288	0.2740021574973031	0.33570581257413995	0.2740021574973031	False	KL7	KL60	prophage_inactive	prophage	False	prophage_inactive	0.27491
BBF66888_1_KN4	UCR74082_1_K7	1.55e-14	33.094	71.2	850	201	329	1180	425	562	0.15176470588235294	0.11694915254237288	0.11694915254237288	False	KN4	KL7	virulent	virulent	False	virulent-virulent	0.33094
1664_74	876_57	1.26e-14	32.222	71.2	777	75	245	850	228	394	0.22007722007722008	0.19647058823529412	0.19647058823529412	False	KL12	KL28	prophage_notproduced	prophage_notproduced	False	other	0.32222
KVV_B2_PHAGE059_M_PROTEIN_71	KPN_B6_PHAGE307_M_PROTEIN_10	1.98e-14	32.824	70.9	929	33	163	736	39	155	0.14101184068891282	0.15896739130434784	0.14101184068891282	False	KL10	KL3	prediction	prediction	False	other	0.32824
1538_54	1343_36	2.16e-14	32.639	70.9	900	225	366	795	60	193	0.15777777777777777	0.16855345911949685	0.15777777777777777	False	KL140	KL64	prophage_notproduced	prophage_notproduced	False	other	0.32639
KPN_B6_PHAGE307_M_PROTEIN_10	1630_70	1.67e-14	32.824	70.9	736	39	155	929	33	163	0.15896739130434784	0.14101184068891282	0.14101184068891282	False	KL3	KL10	prediction	prophage_inactive	False	other	0.32824
1538_54	1664_74	2.83e-14	31.646	70.5	900	228	374	777	75	224	0.16333333333333333	0.19305019305019305	0.16333333333333333	False	KL140	KL12	prophage_notproduced	prophage_notproduced	False	other	0.31646
1538_54	KPN_B6_PHAGE307_M_PROTEIN_10	2.23e-14	32.5	70.5	900	228	375	736	92	234	0.16444444444444445	0.19429347826086957	0.16444444444444445	False	KL140	KL3	prophage_notproduced	prediction	False	other	0.325
1630_70	1724_71	3.43e-14	26.019	70.1	929	37	313	843	39	339	0.2981700753498385	0.3570581257413998	0.2981700753498385	False	KL10	KL60	prophage_inactive	prophage	False	prophage_inactive	0.26019
1724_71	KVV_B2_PHAGE059_M_PROTEIN_71	3.11e-14	26.019	70.1	843	39	339	929	37	313	0.3570581257413998	0.2981700753498385	0.2981700753498385	False	KL60	KL10	prophage	prediction	False	prediction	0.26019
321_71	617_77	4.53e-14	48.889	69.3	690	1	89	1258	1	87	0.1289855072463768	0.06915739268680444	0.06915739268680444	False	KL127	KL38	prophage_notproduced	prophage	False	prophage_notproduced	0.48889000000000005
KPN_B2_PHAGE139_M_PROTEIN_9	321_71	8.33e-14	48.889	69.3	1258	1	87	690	1	89	0.06915739268680444	0.1289855072463768	0.06915739268680444	False	KL38	KL127	prediction	prophage_notproduced	False	other	0.48889000000000005
1441_47	KPN_B2_PHAGE139_M_PROTEIN_9	6.32e-14	38.235	68.9	704	1	102	1258	1	136	0.14488636363636365	0.10810810810810811	0.10810810810810811	False	KL23	KL38	prophage	prediction	False	prediction	0.38234999999999997
KPN_B2_PHAGE139_M_PROTEIN_9	914_74	1.03e-13	53.425	68.9	1258	1	70	666	1	73	0.05564387917329094	0.10960960960960961	0.05564387917329094	False	KL38	KL62	prediction	prophage	False	prediction	0.53425
KPN_B2_PHAGE139_M_PROTEIN_9	KQS_B1_PHAGE068_M_PROTEIN_82	1.32e-13	38.235	68.9	1258	1	136	813	1	102	0.10810810810810811	0.12546125461254612	0.10810810810810811	False	KL38	KL127	prediction	prediction	False	other	0.38234999999999997
1248_57	617_77	5.95e-14	38.235	68.9	704	1	102	1258	1	136	0.14488636363636365	0.10810810810810811	0.10810810810810811	False	KL23	KL38	prophage	prophage	False	prophage-prophage	0.38234999999999997
617_77	914_74	1.03e-13	53.425	68.9	1258	1	70	666	1	73	0.05564387917329094	0.10960960960960961	0.05564387917329094	False	KL38	KL62	prophage	prophage	False	prophage-prophage	0.53425
1343_36	876_57	7.24e-14	35.185	68.9	795	60	163	850	225	330	0.13081761006289308	0.12470588235294118	0.12470588235294118	False	KL64	KL28	prophage_notproduced	prophage_notproduced	False	other	0.35185
BBF66888_1_KN4	1190_71	6.33e-14	35.714	68.9	850	181	292	695	120	244	0.13176470588235295	0.17985611510791366	0.13176470588235295	False	KN4	KL28	virulent	prophage_notproduced	False	prophage_notproduced	0.35714
YP_003347555_1_K3	1668_52	4.54e-14	26.891	68.9	869	303	653	530	28	357	0.4039125431530495	0.6226415094339622	0.4039125431530495	False	KL3	KL2	virulent	prophage_notproduced	False	prophage_notproduced	0.26891
1248_57	KPN_B2_PHAGE139_M_PROTEIN_9	5.95e-14	38.235	68.9	704	1	102	1258	1	136	0.14488636363636365	0.10810810810810811	0.10810810810810811	False	KL23	KL38	prophage	prediction	False	prediction	0.38234999999999997
617_77	1441_47	1.13e-13	38.235	68.9	1258	1	136	704	1	102	0.10810810810810811	0.14488636363636365	0.10810810810810811	False	KL38	KL23	prophage	prophage	False	prophage-prophage	0.38234999999999997
617_77	KQS_B1_PHAGE068_M_PROTEIN_82	1.32e-13	38.235	68.9	1258	1	136	813	1	102	0.10810810810810811	0.12546125461254612	0.10810810810810811	False	KL38	KL127	prophage	prediction	False	prediction	0.38234999999999997
1538_54	KPN_B4_PHAGE180_M_PROTEIN_15	1.01e-13	30.065	68.6	900	225	374	707	60	203	0.16666666666666666	0.2036775106082037	0.16666666666666666	False	KL140	KL24	prophage_notproduced	prediction	False	other	0.30065000000000003
YP_009153200_1_K35	UCR74083_1_K27	1.22e-13	26.007	68.2	779	527	759	1294	1002	1268	0.2991014120667522	0.2063369397217929	0.2063369397217929	True	KL35	KL27	virulent	virulent	False	virulent-virulent	0.26007
738_68	KVV_B2_PHAGE059_M_PROTEIN_71	2.18e-13	27.329	67.0	742	8	158	929	8	165	0.20350404312668463	0.17007534983853606	0.17007534983853606	False	KL143	KL10	prophage	prediction	False	prediction	0.27329000000000003
738_68	1630_70	2.18e-13	27.329	67.0	742	8	158	929	8	165	0.20350404312668463	0.17007534983853606	0.17007534983853606	False	KL143	KL10	prophage	prophage_inactive	False	prophage_inactive	0.27329000000000003
KPN_B2_PHAGE064_M_PROTEIN_80	738_68	4.44e-13	28.144	66.6	927	10	171	742	7	158	0.17475728155339806	0.20485175202156333	0.17475728155339806	False	KL7	KL143	prediction	prophage	False	prediction	0.28143999999999997
1723_59	KPN_B4_PHAGE180_M_PROTEIN_15	3.93e-13	34.906	66.6	951	225	330	707	60	163	0.11146161934805468	0.1471004243281471	0.11146161934805468	False	KL60	KL24	prophage	prediction	False	prediction	0.34906
1538_54	YP_009153197_1_K11	3.72e-13	23.114	66.6	900	235	625	702	38	426	0.43444444444444447	0.5541310541310541	0.43444444444444447	False	KL140	KL11	prophage_notproduced	virulent	False	prophage_notproduced	0.23114
1863_75	738_68	4.44e-13	28.144	66.6	927	10	171	742	7	158	0.17475728155339806	0.20485175202156333	0.17475728155339806	False	KL7	KL143	prophage_inactive	prophage	False	prophage_inactive	0.28143999999999997
1668_49	1664_74	3.24e-13	30.12	66.2	702	46	198	777	60	224	0.21794871794871795	0.21235521235521235	0.21235521235521235	False	KL2	KL12	prophage_notproduced	prophage_notproduced	False	other	0.3012
BBF66888_1_KN4	1406_54	4.44e-13	37.864	66.2	850	181	277	695	120	221	0.11411764705882353	0.14676258992805755	0.11411764705882353	False	KN4	KL28	virulent	prophage_notproduced	False	prophage_notproduced	0.37864
1538_54	391_03	5.92e-13	31.126	65.9	900	228	375	736	92	234	0.16444444444444445	0.19429347826086957	0.16444444444444445	False	KL140	KL3	prophage_notproduced	prophage	False	prophage_notproduced	0.31126000000000004
1664_74	1723_59	1.11e-12	31.613	65.1	777	75	219	951	228	363	0.1866151866151866	0.14300736067297581	0.14300736067297581	False	KL12	KL60	prophage_notproduced	prophage	False	prophage_notproduced	0.31613
BBF66844_1_KN1	1091_44	1.21e-12	28.571	65.1	820	58	226	880	59	220	0.20609756097560974	0.18409090909090908	0.18409090909090908	False	KN1	KL64	virulent	prophage	False	prophage-virulent	0.28571
BBF66844_1_KN1	KPN_B20_PHAGE487_M_PROTEIN_8	1.21e-12	28.571	65.1	820	58	226	880	59	220	0.20609756097560974	0.18409090909090908	0.18409090909090908	False	KN1	KL64	virulent	prediction	False	prediction	0.28571
YP_009153203_1_K30/K69	ATI16495_1_K57	1.04e-12	52.459	64.7	767	237	297	721	140	200	0.07953063885267275	0.08460471567267684	0.07953063885267275	False	KL30/K69	KL57	virulent	virulent	False	virulent-virulent	0.52459
1723_62	KVV_B3_PHAGE102_M_PROTEIN_79	7.06e-13	24.932	64.7	629	1	342	652	2	348	0.5437201907790143	0.5322085889570553	0.5322085889570553	False	KL60	KL60	prophage_notproduced	prediction	True	other	0.24931999999999999
AXE28435_1_KN1	1091_44	1.34e-12	28.571	64.7	820	57	225	880	59	220	0.20609756097560974	0.18409090909090908	0.18409090909090908	False	KN1	KL64	virulent	prophage	False	prophage-virulent	0.28571
KPN_B8_PHAGE124_M_PROTEIN_72	319_37	9.15e-13	31.544	64.7	634	1	143	794	1	148	0.22555205047318613	0.18639798488664988	0.18639798488664988	False	KL111	KL127	prediction	prophage	False	prediction	0.31544
AXE28435_1_KN1	KPN_B20_PHAGE487_M_PROTEIN_8	1.37e-12	28.571	64.7	820	57	225	880	59	220	0.20609756097560974	0.18409090909090908	0.18409090909090908	False	KN1	KL64	virulent	prediction	False	prediction	0.28571
BBF66888_1_KN4	YP_009820105_1_K2	1.32e-12	35.556	64.7	850	200	319	907	188	319	0.1411764705882353	0.14553472987872107	0.1411764705882353	False	KN4	KL2	virulent	virulent	False	virulent-virulent	0.35556
1251_37	1723_59	1.46e-12	34.259	64.3	677	60	163	951	225	330	0.1536189069423929	0.11146161934805468	0.11146161934805468	False	KL28	KL60	prophage	prophage	False	prophage-prophage	0.34259
BBF66888_1_KN4	QTP95996_1_K13/K2	1.99e-12	36.429	64.3	850	200	322	907	188	324	0.14470588235294118	0.15104740904079383	0.14470588235294118	False	KN4	KL13/K2	virulent	virulent	False	virulent-virulent	0.36429
KPN_B13_PHAGE002_M_PROTEIN_56	248_38	3.05e-12	24.104	63.9	967	218	513	693	117	394	0.30610134436401243	0.40115440115440115	0.30610134436401243	False	KL122	KL46	prediction	prophage	False	prediction	0.24104
434_33	YP_009153200_1_K35	2.24e-12	29.012	63.9	859	700	853	779	618	777	0.17927823050058206	0.20539152759948653	0.17927823050058206	True	KL52	KL35	prophage	virulent	False	prophage-virulent	0.29012
BBF66888_1_KN4	QUU29414_1_K2	2.3e-12	36.429	63.9	850	200	322	907	188	324	0.14470588235294118	0.15104740904079383	0.14470588235294118	False	KN4	KL2	virulent	virulent	False	virulent-virulent	0.36429
0496_72	248_38	3.05e-12	24.104	63.9	968	219	514	693	117	394	0.30578512396694213	0.40115440115440115	0.30578512396694213	False	KL122	KL46	prophage	prophage	False	prophage-prophage	0.24104
BBF66888_1_KN4	UPW42726_1_K2	2.26e-12	36.429	63.9	850	200	322	907	188	324	0.14470588235294118	0.15104740904079383	0.14470588235294118	False	KN4	KL2	virulent	virulent	False	virulent-virulent	0.36429
YP_009226011_1_K63	YP_009153197_1_K11	3.39e-12	35.156	63.5	883	189	311	702	104	229	0.1392978482446206	0.1794871794871795	0.1392978482446206	False	KL63	KL11	virulent	virulent	False	virulent-virulent	0.35156
QOI68577_1_K23	ATI16495_1_K57	1.6e-12	48.649	63.5	555	11	83	721	154	227	0.13153153153153152	0.10263522884882108	0.10263522884882108	False	KL23	KL57	virulent	virulent	False	virulent-virulent	0.48649000000000003
KPN_B13_PHAGE002_M_PROTEIN_56	BBF66844_1_KN1	5.22e-12	35.484	63.2	967	137	229	820	127	219	0.09617373319544985	0.11341463414634147	0.09617373319544985	False	KL122	KN1	prediction	virulent	False	prediction	0.35484000000000004
BBF66844_1_KN1	0496_72	4.36e-12	35.484	63.2	820	127	219	968	138	230	0.11341463414634147	0.09607438016528926	0.09607438016528926	False	KN1	KL122	virulent	prophage	False	prophage-virulent	0.35484000000000004
KVV_B2_PHAGE059_M_PROTEIN_71	KPN_B13_PHAGE067_M_PROTEIN_74	4.12e-12	29.268	63.2	929	6	165	698	9	146	0.1722282023681378	0.1977077363896848	0.1722282023681378	False	KL10	KL28	prediction	prediction	False	other	0.29268
KPN_B13_PHAGE067_M_PROTEIN_74	1630_70	3.09e-12	29.268	63.2	698	9	146	929	6	165	0.1977077363896848	0.1722282023681378	0.1722282023681378	False	KL28	KL10	prediction	prophage_inactive	False	other	0.29268
1344_72	KVV_B2_PHAGE059_M_PROTEIN_71	4.66e-12	29.268	62.8	698	9	146	929	6	165	0.1977077363896848	0.1722282023681378	0.1722282023681378	False	KL64	KL10	prophage_notproduced	prediction	False	other	0.29268
1630_70	1344_72	6.21e-12	29.268	62.8	929	6	165	698	9	146	0.1722282023681378	0.1977077363896848	0.1722282023681378	False	KL10	KL64	prophage_inactive	prophage_notproduced	False	other	0.29268
BBF66888_1_KN4	1344_72	5.17e-12	42.105	62.8	850	208	277	698	149	224	0.08235294117647059	0.10888252148997135	0.08235294117647059	False	KN4	KL64	virulent	prophage_notproduced	False	prophage_notproduced	0.42105
REC_009_PROTEIN_7_KL19	319_37	5.18e-12	40.206	62.8	763	179	268	794	84	180	0.11795543905635648	0.12216624685138538	0.11795543905635648	False	KL19	KL127	virulent	prophage	False	prophage-virulent	0.40206000000000003
0496_72	AXE28435_1_KN1	8.73e-12	35.484	62.4	968	138	230	820	126	218	0.09607438016528926	0.11341463414634147	0.09607438016528926	False	KL122	KN1	prophage	virulent	False	prophage-virulent	0.35484000000000004
KQQ_B1_PHAGE040_M_PROTEIN_36	1723_59	9.19e-12	41.975	62.4	872	54	132	951	221	301	0.09059633027522936	0.08517350157728706	0.08517350157728706	False	KL14	KL60	prediction	prophage	False	prediction	0.41975
BBF66888_1_KN4	KPN_B13_PHAGE067_M_PROTEIN_74	5.98e-12	35.714	62.4	850	208	310	698	149	253	0.12117647058823529	0.1504297994269341	0.12117647058823529	False	KN4	KL28	virulent	prediction	False	prediction	0.35714
KPN_B13_PHAGE002_M_PROTEIN_56	AXE28435_1_KN1	8.79e-12	35.484	62.4	967	137	229	820	126	218	0.09617373319544985	0.11341463414634147	0.09617373319544985	False	KL122	KN1	prediction	virulent	False	prediction	0.35484000000000004
0574_17	1723_59	9.2e-12	41.975	62.4	873	55	133	951	221	301	0.09049255441008018	0.08517350157728706	0.08517350157728706	False	KL14	KL60	prophage	prophage	False	prophage-prophage	0.41975
KVV_B1_PHAGE226_M_PROTEIN_38	KPN_B8_PHAGE124_M_PROTEIN_72	3.34e-12	30.872	62.0	466	1	148	634	1	143	0.31759656652360513	0.22555205047318613	0.22555205047318613	False	KL127	KL111	prediction	prediction	False	other	0.30872
REC_009_PROTEIN_7_KL19	KVV_B1_PHAGE226_M_PROTEIN_38	5.35e-12	39.362	62.0	763	181	269	466	88	181	0.11664482306684142	0.2017167381974249	0.11664482306684142	False	KL19	KL127	virulent	prediction	False	prediction	0.39362
617_77	UCR74082_1_K7	2.23e-11	29.341	61.6	1258	1049	1204	1180	964	1126	0.12400635930047695	0.13813559322033897	0.12400635930047695	False	KL38	KL7	prophage	virulent	False	prophage-virulent	0.29341
UCR74082_1_K7	KPN_B2_PHAGE139_M_PROTEIN_9	2.32e-11	29.341	61.6	1180	964	1126	1258	1049	1204	0.13813559322033897	0.12400635930047695	0.12400635930047695	False	KL7	KL38	virulent	prediction	False	prediction	0.29341
YP_009153195_1_KN4	YP_009153197_1_K11	8.36e-12	36.697	61.6	736	1	109	702	1	107	0.1480978260869565	0.15242165242165243	0.1480978260869565	False	KN4	KL11	virulent	virulent	False	virulent-virulent	0.36697
BBF66844_1_KN1	KPN_B11_PHAGE013_M_PROTEIN_11	1.36e-11	40.196	61.6	820	127	226	913	137	234	0.12195121951219512	0.10733844468784227	0.10733844468784227	False	KN1	KL3	virulent	prediction	False	prediction	0.40196
184_43	1409_59	8.93e-12	39.362	61.6	639	50	139	852	215	306	0.14084507042253522	0.107981220657277	0.107981220657277	False	KL111	KL23	prophage	prophage	False	prophage-prophage	0.39362
1538_54	1724_71	1.25e-11	29.53	61.6	900	223	370	843	117	256	0.16444444444444445	0.166073546856465	0.16444444444444445	False	KL140	KL60	prophage_notproduced	prophage	False	prophage_notproduced	0.2953
1343_36	1664_74	1.21e-11	27.885	61.6	795	6	196	777	30	219	0.24025157232704403	0.24453024453024452	0.24025157232704403	False	KL64	KL12	prophage_notproduced	prophage_notproduced	False	other	0.27885000000000004
1251_37	1057_41	9.22e-12	43.836	61.2	677	3	75	578	5	72	0.10782865583456426	0.11764705882352941	0.10782865583456426	False	KL28	KL25	prophage	prophage_notproduced	False	prophage_notproduced	0.43835999999999997
1057_41	434_33	1.15e-11	42.466	60.8	578	5	72	859	3	75	0.11764705882352941	0.08498253783469151	0.08498253783469151	False	KL25	KL52	prophage_notproduced	prophage	False	prophage_notproduced	0.42466000000000004
AXE28435_1_KN1	KPN_B11_PHAGE013_M_PROTEIN_11	2.1e-11	40.196	60.8	820	126	225	913	137	234	0.12195121951219512	0.10733844468784227	0.10733844468784227	False	KN1	KL3	virulent	prediction	False	prediction	0.40196
YP_003347555_1_K3	666_83	2.04e-11	26.108	60.8	869	303	679	773	270	643	0.43383199079401613	0.48382923673997413	0.43383199079401613	False	KL3	KL116	virulent	prophage_notproduced	False	prophage_notproduced	0.26108
666_83	AXE28435_1_KN1	2.14e-11	37.615	60.8	773	137	243	820	126	223	0.1384217335058215	0.11951219512195121	0.11951219512195121	False	KL116	KN1	prophage_notproduced	virulent	False	prophage_notproduced	0.37615000000000004
1668_52	KPN_B11_PHAGE013_M_PROTEIN_11	1.22e-11	31.169	60.8	530	28	316	913	311	599	0.5452830188679245	0.31653888280394304	0.31653888280394304	False	KL2	KL3	prophage_notproduced	prediction	False	other	0.31169
1668_49	434_33	2.43e-11	31.387	60.5	702	1	130	859	1	135	0.18518518518518517	0.15715948777648428	0.15715948777648428	False	KL2	KL52	prophage_notproduced	prophage	False	prophage_notproduced	0.31387
YP_003347556_1_K21	APZ82848_1_K5	1.54e-11	87.5	60.5	576	1	32	684	1	32	0.05555555555555555	0.04678362573099415	0.04678362573099415	False	KL21	KL5	virulent	virulent	False	virulent-virulent	0.875
434_33	KPN_B3_PHAGE052_L_PROTEIN_120	2.15e-11	42.466	60.5	859	3	75	574	2	69	0.08498253783469151	0.11846689895470383	0.08498253783469151	False	KL52	KL25	prophage	prediction	False	prediction	0.42466000000000004
1538_54	1668_49	3.51e-11	29.798	60.1	900	206	374	702	12	198	0.18777777777777777	0.26638176638176636	0.18777777777777777	False	KL140	KL2	prophage_notproduced	prophage_notproduced	False	other	0.29797999999999997
YP_009153200_1_K35	245_48	2.96e-11	23.343	60.1	779	88	416	655	82	391	0.42233632862644416	0.4732824427480916	0.42233632862644416	False	KL35	KL55	virulent	prophage_notproduced	False	prophage_notproduced	0.23343
1409_59	248_38	3.67e-11	38.71	60.1	852	225	315	693	60	148	0.1068075117370892	0.12842712842712842	0.1068075117370892	False	KL23	KL46	prophage	prophage	False	prophage-prophage	0.3871
BBF66844_1_KN1	666_83	4.43e-11	36.697	59.7	820	127	224	773	137	243	0.11951219512195121	0.1384217335058215	0.11951219512195121	False	KN1	KL116	virulent	prophage_notproduced	False	prophage_notproduced	0.36697
1251_37	1664_74	3.19e-11	31.788	59.7	677	88	225	777	94	243	0.2038404726735598	0.19305019305019305	0.19305019305019305	False	KL28	KL12	prophage	prophage_notproduced	False	prophage_notproduced	0.31788
184_43	1668_49	2.69e-11	30.827	59.7	639	1	133	702	1	127	0.2081377151799687	0.18091168091168092	0.18091168091168092	False	KL111	KL2	prophage	prophage_notproduced	False	prophage_notproduced	0.30827000000000004
UCR74083_1_K27	KPN_B13_PHAGE002_M_PROTEIN_56	1.28e-10	26.842	59.3	1294	1029	1200	967	704	891	0.13292117465224113	0.19441571871768357	0.13292117465224113	False	KL27	KL122	virulent	prediction	False	prediction	0.26842
248_38	1057_41	3.91e-11	42.466	59.3	693	3	75	578	5	72	0.10533910533910534	0.11764705882352941	0.10533910533910534	False	KL46	KL25	prophage	prophage_notproduced	False	prophage_notproduced	0.42466000000000004
1409_59	319_37	6.54e-11	31.579	59.3	852	195	343	794	30	178	0.17488262910798122	0.18765743073047858	0.17488262910798122	False	KL23	KL127	prophage	prophage	False	prophage-prophage	0.31579
UCR74083_1_K27	0496_72	1.18e-10	26.842	59.3	1294	1029	1200	968	705	892	0.13292117465224113	0.19421487603305784	0.13292117465224113	False	KL27	KL122	virulent	prophage	False	prophage-virulent	0.26842
UCR74082_1_K7	APZ82804_1_K30/K69	1.11e-10	50.794	59.3	1180	268	328	792	188	250	0.051694915254237285	0.07954545454545454	0.051694915254237285	False	KL7	KL30/K69	virulent	virulent	False	virulent-virulent	0.50794
248_38	KPN_B3_PHAGE052_L_PROTEIN_120	4.66e-11	42.466	58.9	693	3	75	574	2	69	0.10533910533910534	0.11846689895470383	0.10533910533910534	False	KL46	KL25	prophage	prediction	False	prediction	0.42466000000000004
QIW88225_1_K23	YP_009153203_1_K30/K69	4.79e-11	44.118	58.9	607	39	106	767	230	297	0.11202635914332784	0.08865710560625815	0.08865710560625815	False	KL23	KL30/K69	virulent	virulent	False	virulent-virulent	0.44118
KQQ_B1_PHAGE040_M_PROTEIN_36	1409_59	1.32e-10	36.364	58.5	872	54	156	852	221	330	0.11811926605504587	0.12910798122065728	0.11811926605504587	False	KL14	KL23	prediction	prophage	False	prediction	0.36363999999999996
0574_17	1409_59	1.29e-10	36.364	58.5	873	55	157	852	221	330	0.11798396334478808	0.12910798122065728	0.11798396334478808	False	KL14	KL23	prophage	prophage	False	prophage-prophage	0.36363999999999996
1538_54	YP_009226011_1_K63	1.12e-10	34.545	58.5	900	282	391	883	174	276	0.12222222222222222	0.11664779161947905	0.11664779161947905	False	KL140	KL63	prophage_notproduced	virulent	False	prophage_notproduced	0.34545000000000003
BBF66888_1_KN4	1248_60	8.48e-11	41.667	58.5	850	212	277	546	1	72	0.07764705882352942	0.13186813186813187	0.07764705882352942	False	KN4	KL28	virulent	prophage_notproduced	False	prophage_notproduced	0.41667000000000004
BBF66888_1_KN4	1409_62	8.68e-11	41.667	58.5	850	212	277	550	1	72	0.07764705882352942	0.13090909090909092	0.07764705882352942	False	KN4	KL28	virulent	prophage_notproduced	False	prophage_notproduced	0.41667000000000004
1343_36	1057_41	8.33e-11	41.935	58.5	795	3	64	578	5	66	0.0779874213836478	0.10726643598615918	0.0779874213836478	False	KL64	KL25	prophage_notproduced	prophage_notproduced	False	other	0.41935
AXE28435_1_KN1	KPN_B14_PHAGE090_M_PROTEIN_50	1.23e-10	35.0	58.2	820	126	225	803	136	235	0.12195121951219512	0.12453300124533001	0.12195121951219512	False	KN1	KL24	virulent	prediction	False	prediction	0.35
KVV_B1_PHAGE226_M_PROTEIN_38	1409_59	5.71e-11	33.333	58.2	466	49	178	852	214	343	0.27896995708154504	0.15258215962441316	0.15258215962441316	False	KL127	KL23	prediction	prophage	False	prediction	0.33332999999999996
1343_36	KPN_B3_PHAGE052_L_PROTEIN_120	1.07e-10	53.061	58.2	795	3	51	574	2	50	0.061635220125786164	0.08536585365853659	0.061635220125786164	False	KL64	KL25	prophage_notproduced	prediction	False	other	0.53061
KPN_B14_PHAGE090_M_PROTEIN_50	BBF66844_1_KN1	1.45e-10	34.0	58.2	803	136	235	820	127	226	0.12453300124533001	0.12195121951219512	0.12195121951219512	False	KL24	KN1	prediction	virulent	False	prediction	0.34
248_38	KPN_B7_PHAGE164_M_PROTEIN_57	1.43e-10	40.741	57.8	693	60	136	803	224	302	0.1111111111111111	0.09838107098381071	0.09838107098381071	False	KL46	KL25	prophage	prediction	False	prediction	0.40741
1668_49	319_37	1.46e-10	35.294	57.8	702	1	99	794	1	102	0.14102564102564102	0.12846347607052896	0.12846347607052896	False	KL2	KL127	prophage_notproduced	prophage	False	prophage_notproduced	0.35294
AXE28435_1_KN1	1815_56	2.21e-10	35.294	57.8	820	126	216	937	137	237	0.11097560975609756	0.10779082177161152	0.10779082177161152	False	KN1	KL4	virulent	prophage_notproduced	False	prophage_notproduced	0.35294
0574_17	876_57	2.05e-10	41.975	57.8	873	55	133	850	221	301	0.09049255441008018	0.09529411764705882	0.09049255441008018	False	KL14	KL28	prophage	prophage_notproduced	False	prophage_notproduced	0.41975
KQQ_B1_PHAGE040_M_PROTEIN_36	876_57	2.03e-10	41.975	57.8	872	54	132	850	221	301	0.09059633027522936	0.09529411764705882	0.09059633027522936	False	KL14	KL28	prediction	prophage_notproduced	False	other	0.41975
434_33	KPN_B8_PHAGE124_M_PROTEIN_72	1.74e-10	31.655	57.8	859	1	137	634	1	131	0.15948777648428406	0.20662460567823343	0.15948777648428406	False	KL52	KL111	prophage	prediction	False	prediction	0.31655
UCR74082_1_K7	AOZ65519_1_K57	3.32e-10	46.032	57.8	1180	268	328	843	188	250	0.051694915254237285	0.07473309608540925	0.051694915254237285	False	KL7	KL57	virulent	virulent	False	virulent-virulent	0.46031999999999995
YP_009153201_1_K1	UCR74083_1_K27	2.53e-10	28.947	57.8	888	84	263	1294	30	207	0.20270270270270271	0.1375579598145286	0.1375579598145286	False	KL1	KL27	virulent	virulent	False	virulent-virulent	0.28947
1723_59	1190_71	2.51e-10	30.556	57.4	951	228	330	695	75	179	0.10830704521556257	0.1510791366906475	0.10830704521556257	False	KL60	KL28	prophage	prophage_notproduced	False	prophage_notproduced	0.30556
AXE28435_1_KN1	1538_54	2.26e-10	42.466	57.4	820	126	198	900	139	211	0.08902439024390243	0.0811111111111111	0.0811111111111111	False	KN1	KL140	virulent	prophage_notproduced	False	prophage_notproduced	0.42466000000000004
UPW42650_1_K2	1723_59	2.45e-10	39.726	57.4	763	198	270	951	292	364	0.09567496723460026	0.07676130389064142	0.07676130389064142	False	KL2	KL60	virulent	prophage	False	prophage-virulent	0.39726
1724_71	UPW42650_1_K2	2.55e-10	39.726	57.4	843	184	256	763	198	270	0.08659549228944247	0.09567496723460026	0.08659549228944247	False	KL60	KL2	prophage	virulent	False	prophage-virulent	0.39726
1057_41	KPN_B4_PHAGE180_M_PROTEIN_15	1.43e-10	44.262	57.4	578	6	66	707	4	64	0.10553633217993079	0.08628005657708628	0.08628005657708628	False	KL25	KL24	prophage_notproduced	prediction	False	other	0.44262
1251_37	KPN_B3_PHAGE052_L_PROTEIN_120	1.43e-10	42.466	57.4	677	3	75	574	2	69	0.10782865583456426	0.11846689895470383	0.10782865583456426	False	KL28	KL25	prophage	prediction	False	prediction	0.42466000000000004
1538_54	BBF66844_1_KN1	2.94e-10	42.466	57.4	900	139	211	820	127	199	0.0811111111111111	0.08902439024390243	0.0811111111111111	False	KL140	KN1	prophage_notproduced	virulent	False	prophage_notproduced	0.42466000000000004
REC_009_PROTEIN_7_KL19	184_43	2.1e-10	36.19	57.4	763	130	232	639	46	139	0.1349934469200524	0.14710485133020346	0.1349934469200524	False	KL19	KL111	virulent	prophage	False	prophage-virulent	0.3619
1406_54	1723_59	2.91e-10	31.068	57.0	695	75	174	951	228	325	0.14388489208633093	0.10304942166140904	0.10304942166140904	False	KL28	KL60	prophage_notproduced	prophage	False	prophage_notproduced	0.31068
1409_59	AXE28435_1_KN1	3.13e-10	42.466	57.0	852	139	211	820	126	198	0.08568075117370892	0.08902439024390243	0.08568075117370892	False	KL23	KN1	prophage	virulent	False	prophage-virulent	0.42466000000000004
KPN_B8_PHAGE124_M_PROTEIN_72	KPN_B4_PHAGE180_M_PROTEIN_15	2.37e-10	32.0	57.0	634	1	98	707	1	100	0.15457413249211358	0.14144271570014144	0.14144271570014144	False	KL111	KL24	prediction	prediction	False	other	0.32
KVV_B2_PHAGE059_M_PROTEIN_71	1921_77	5.13e-10	33.333	56.6	929	1	165	701	1	143	0.17761033369214208	0.20399429386590584	0.17761033369214208	False	KL10	KL9	prediction	prophage_notproduced	False	other	0.33332999999999996
KVV_B2_PHAGE059_M_PROTEIN_71	1406_54	4.74e-10	31.548	56.6	929	1	165	695	1	143	0.17761033369214208	0.20575539568345325	0.17761033369214208	False	KL10	KL28	prediction	prophage_notproduced	False	other	0.31548
BBF66844_1_KN1	1409_59	3.9e-10	42.466	56.6	820	127	199	852	139	211	0.08902439024390243	0.08568075117370892	0.08568075117370892	False	KN1	KL23	virulent	prophage	False	prophage-virulent	0.42466000000000004
1921_77	1630_70	3.87e-10	33.333	56.6	701	1	143	929	1	165	0.20399429386590584	0.17761033369214208	0.17761033369214208	False	KL9	KL10	prophage_notproduced	prophage_inactive	False	other	0.33332999999999996
1723_59	AXE28435_1_KN1	5.8e-10	42.466	56.6	951	139	211	820	126	198	0.07676130389064142	0.08902439024390243	0.07676130389064142	False	KL60	KN1	prophage	virulent	False	prophage-virulent	0.42466000000000004
321_71	1663_69	3.32e-10	29.677	56.6	690	6	157	745	10	158	0.22028985507246376	0.2	0.2	False	KL127	KL12	prophage_notproduced	prophage_notproduced	False	other	0.29677
1538_54	UPW42650_1_K2	4.57e-10	35.922	56.6	900	292	393	763	198	293	0.11333333333333333	0.1258191349934469	0.11333333333333333	False	KL140	KL2	prophage_notproduced	virulent	False	prophage_notproduced	0.35922
1406_54	1630_70	3.54e-10	31.548	56.6	695	1	143	929	1	165	0.20575539568345325	0.17761033369214208	0.17761033369214208	False	KL28	KL10	prophage_notproduced	prophage_inactive	False	other	0.31548
1630_70	1190_71	5.76e-10	32.143	56.2	929	1	165	695	1	143	0.17761033369214208	0.20575539568345325	0.17761033369214208	False	KL10	KL28	prophage_inactive	prophage_notproduced	False	other	0.32143
KVV_B2_PHAGE059_M_PROTEIN_71	1190_71	5.76e-10	32.143	56.2	929	1	165	695	1	143	0.17761033369214208	0.20575539568345325	0.17761033369214208	False	KL10	KL28	prediction	prophage_notproduced	False	other	0.32143
0574_17	1538_54	7.02e-10	39.506	56.2	873	55	133	900	221	301	0.09049255441008018	0.09	0.09	False	KL14	KL140	prophage	prophage_notproduced	False	prophage_notproduced	0.39506
1723_59	BBF66844_1_KN1	7.49e-10	42.466	56.2	951	139	211	820	127	199	0.07676130389064142	0.08902439024390243	0.07676130389064142	False	KL60	KN1	prophage	virulent	False	prophage-virulent	0.42466000000000004
1815_56	BBF66844_1_KN1	6.04e-10	34.314	56.2	937	137	237	820	127	217	0.10779082177161152	0.11097560975609756	0.10779082177161152	False	KL4	KN1	prophage_notproduced	virulent	False	prophage_notproduced	0.34314
1343_36	KPN_B8_PHAGE124_M_PROTEIN_72	4.17e-10	31.0	56.2	795	1	100	634	1	98	0.12578616352201258	0.15457413249211358	0.12578616352201258	False	KL64	KL111	prophage_notproduced	prediction	False	other	0.31
1668_49	KVV_B1_PHAGE226_M_PROTEIN_38	4.23e-10	33.981	55.8	702	1	99	466	1	102	0.14102564102564102	0.21888412017167383	0.14102564102564102	False	KL2	KL127	prophage_notproduced	prediction	False	other	0.33981
KQQ_B1_PHAGE040_M_PROTEIN_36	1538_54	7.13e-10	39.506	55.8	872	54	132	900	221	301	0.09059633027522936	0.09	0.09	False	KL14	KL140	prediction	prophage_notproduced	False	other	0.39506
YP_009153197_1_K11	KPN_B6_PHAGE307_M_PROTEIN_10	5.97e-10	33.673	55.8	702	92	186	736	148	244	0.13532763532763534	0.13179347826086957	0.13179347826086957	False	KL11	KL3	virulent	prediction	False	prediction	0.33673000000000003
AXE28435_1_KN1	KPN_B7_PHAGE164_M_PROTEIN_57	6.31e-10	42.466	55.8	820	126	198	803	138	210	0.08902439024390243	0.09090909090909091	0.08902439024390243	False	KN1	KL25	virulent	prediction	False	prediction	0.42466000000000004
876_57	BBF66844_1_KN1	8.48e-10	42.466	55.8	850	139	211	820	127	199	0.08588235294117647	0.08902439024390243	0.08588235294117647	False	KL28	KN1	prophage_notproduced	virulent	False	prophage_notproduced	0.42466000000000004
AXE28435_1_KN1	876_57	6.96e-10	42.466	55.8	820	126	198	850	139	211	0.08902439024390243	0.08588235294117647	0.08588235294117647	False	KN1	KL28	virulent	prophage_notproduced	False	prophage_notproduced	0.42466000000000004
BBF66844_1_KN1	KPN_B7_PHAGE164_M_PROTEIN_57	7.55e-10	42.466	55.8	820	127	199	803	138	210	0.08902439024390243	0.09090909090909091	0.08902439024390243	False	KN1	KL25	virulent	prediction	False	prediction	0.42466000000000004
UCR74085_1_K20	YP_009153196_1_K21	5.69e-10	34.4	55.8	723	1	121	651	1	125	0.1673582295988935	0.19201228878648233	0.1673582295988935	False	KL20	KL21	virulent	virulent	False	virulent-virulent	0.344
YP_009153197_1_K11	391_03	5.67e-10	32.99	55.8	702	92	186	736	148	244	0.13532763532763534	0.13179347826086957	0.13179347826086957	False	KL11	KL3	virulent	prophage	False	prophage-virulent	0.3299
AXE28435_1_KN1	1631_52	8.22e-10	36.275	55.8	820	126	216	822	137	237	0.11097560975609756	0.12287104622871046	0.11097560975609756	False	KN1	KL10	virulent	prophage_notproduced	False	prophage_notproduced	0.36274999999999996
KQQ_B1_PHAGE040_M_PROTEIN_36	REC_009_PROTEIN_7_KL19	7.64e-10	32.061	55.8	872	36	156	763	130	256	0.13876146788990826	0.16644823066841416	0.13876146788990826	False	KL14	KL19	prediction	virulent	False	prediction	0.32061
391_03	1723_59	7.29e-10	26.136	55.8	736	92	256	951	228	392	0.22418478260869565	0.17350157728706625	0.17350157728706625	False	KL3	KL60	prophage	prophage	False	prophage-prophage	0.26136
0574_17	REC_009_PROTEIN_7_KL19	7.46e-10	32.061	55.8	873	37	157	763	130	256	0.13860252004581902	0.16644823066841416	0.13860252004581902	False	KL14	KL19	prophage	virulent	False	prophage-virulent	0.32061
706_38	1057_41	7.15e-10	43.636	55.5	741	10	64	578	12	66	0.07422402159244265	0.09515570934256055	0.07422402159244265	False	KL2	KL25	prophage_notproduced	prophage_notproduced	False	other	0.43636
KQQ_B1_PHAGE040_M_PROTEIN_36	KPN_B7_PHAGE164_M_PROTEIN_57	9.89e-10	43.243	55.5	872	54	125	803	220	293	0.08256880733944955	0.0921544209215442	0.08256880733944955	False	KL14	KL25	prediction	prediction	False	other	0.43243000000000004
0574_17	KPN_B7_PHAGE164_M_PROTEIN_57	9.91e-10	43.243	55.5	873	55	126	803	220	293	0.08247422680412371	0.0921544209215442	0.08247422680412371	False	KL14	KL25	prophage	prediction	False	prediction	0.43243000000000004
434_33	REC_009_PROTEIN_7_KL19	1.32e-09	25.481	55.1	859	47	222	763	130	332	0.2048894062863795	0.26605504587155965	0.2048894062863795	False	KL52	KL19	prophage	virulent	False	prophage-virulent	0.25481000000000004
1251_37	REC_009_PROTEIN_7_KL19	9.29e-10	39.506	55.1	677	56	125	763	139	218	0.103397341211226	0.10484927916120576	0.103397341211226	False	KL28	KL19	prophage	virulent	False	prophage-virulent	0.39506
1091_44	UPW42650_1_K2	1.38e-09	37.209	55.1	880	196	281	763	185	269	0.09772727272727273	0.11140235910878113	0.09772727272727273	False	KL64	KL2	prophage	virulent	False	prophage-virulent	0.37209000000000003
KQQ_B1_PHAGE040_M_PROTEIN_36	1057_41	1.31e-09	44.595	55.1	872	4	73	578	6	72	0.08027522935779817	0.11591695501730104	0.08027522935779817	False	KL14	KL25	prediction	prophage_notproduced	False	other	0.44595
876_57	184_43	1.31e-09	40.476	55.1	850	215	296	639	50	129	0.09647058823529411	0.12519561815336464	0.09647058823529411	False	KL28	KL111	prophage_notproduced	prophage	False	prophage_notproduced	0.40476
KPN_B20_PHAGE487_M_PROTEIN_8	UPW42650_1_K2	1.45e-09	37.209	55.1	880	196	281	763	185	269	0.09772727272727273	0.11140235910878113	0.09772727272727273	False	KL64	KL2	prediction	virulent	False	prediction	0.37209000000000003
248_38	KPN_B8_PHAGE124_M_PROTEIN_72	9.9e-10	28.676	55.1	693	1	136	634	1	131	0.19624819624819625	0.20662460567823343	0.19624819624819625	False	KL46	KL111	prophage	prediction	False	prediction	0.28675999999999996
1057_41	319_37	7.61e-10	42.623	55.1	578	6	66	794	4	64	0.10553633217993079	0.07682619647355164	0.07682619647355164	False	KL25	KL127	prophage_notproduced	prophage	False	prophage_notproduced	0.42623
KQS_B1_PHAGE068_M_PROTEIN_82	REC_009_PROTEIN_7_KL19	1.23e-09	30.556	55.1	813	58	199	763	148	268	0.17466174661746617	0.15858453473132372	0.15858453473132372	False	KL127	KL19	prediction	virulent	False	prediction	0.30556
1057_41	0574_17	8.41e-10	44.595	55.1	578	6	72	873	5	74	0.11591695501730104	0.08018327605956473	0.08018327605956473	False	KL25	KL14	prophage_notproduced	prophage	False	prophage_notproduced	0.44595
706_38	YP_009797016_1_K64	1.31e-09	30.769	55.1	741	51	186	1017	175	311	0.18353576248313092	0.13470993117010815	0.13470993117010815	False	KL2	KL64	prophage_notproduced	virulent	False	prophage_notproduced	0.30768999999999996
706_38	QOV05454_1_K64	1.32e-09	30.769	55.1	741	51	186	1017	175	311	0.18353576248313092	0.13470993117010815	0.13470993117010815	False	KL2	KL64	prophage_notproduced	virulent	False	prophage_notproduced	0.30768999999999996
1538_54	248_38	1.97e-09	40.541	54.7	900	225	296	693	60	129	0.08	0.10101010101010101	0.08	False	KL140	KL46	prophage_notproduced	prophage	False	prophage_notproduced	0.40541
BBF66868_1_K56	1723_62	1.04e-09	36.607	54.7	678	36	140	629	7	117	0.15486725663716813	0.17647058823529413	0.15486725663716813	False	KL56	KL60	virulent	prophage_notproduced	False	prophage_notproduced	0.36607
BBF66844_1_KN1	1631_52	1.61e-09	35.294	54.7	820	127	217	822	137	237	0.11097560975609756	0.12287104622871046	0.11097560975609756	False	KN1	KL10	virulent	prophage_notproduced	False	prophage_notproduced	0.35294
KPN_B4_PHAGE180_M_PROTEIN_15	REC_009_PROTEIN_7_KL19	1.36e-09	25.633	54.7	707	64	345	763	155	429	0.3988684582743989	0.36041939711664484	0.36041939711664484	False	KL24	KL19	prediction	virulent	False	prediction	0.25633
1538_54	1409_62	1.76e-09	40.58	54.7	900	301	369	550	1	67	0.07666666666666666	0.12181818181818181	0.07666666666666666	False	KL140	KL28	prophage_notproduced	prophage_notproduced	False	other	0.4058
1251_37	KPN_B8_PHAGE124_M_PROTEIN_72	1.24e-09	29.231	54.7	677	1	129	634	1	124	0.19054652880354506	0.19558359621451105	0.19054652880354506	False	KL28	KL111	prophage	prediction	False	prediction	0.29231
1538_54	1248_60	1.72e-09	40.58	54.7	900	301	369	546	1	67	0.07666666666666666	0.1227106227106227	0.07666666666666666	False	KL140	KL28	prophage_notproduced	prophage_notproduced	False	other	0.4058
REC_009_PROTEIN_7_KL19	248_38	1.47e-09	35.398	54.7	763	131	241	693	50	148	0.145478374836173	0.14285714285714285	0.14285714285714285	False	KL19	KL46	virulent	prophage	False	prophage-virulent	0.35398
YP_003347556_1_K21	QOV05502_1_K47	7.88e-10	44.318	54.7	576	1	81	641	1	82	0.140625	0.12792511700468018	0.12792511700468018	False	KL21	KL47	virulent	virulent	False	virulent-virulent	0.44317999999999996
KPN_B8_PHAGE124_M_PROTEIN_72	0574_17	1.6e-09	28.431	54.3	634	1	101	873	2	103	0.15930599369085174	0.11683848797250859	0.11683848797250859	False	KL111	KL14	prediction	prophage	False	prediction	0.28431
0574_17	1668_49	2.24e-09	26.515	54.3	873	2	133	702	1	129	0.15120274914089346	0.18376068376068377	0.15120274914089346	False	KL14	KL2	prophage	prophage_notproduced	False	prophage_notproduced	0.26515
UPW42650_1_K2	1343_36	1.88e-09	41.667	54.3	763	198	269	795	125	196	0.09436435124508519	0.09056603773584905	0.09056603773584905	False	KL2	KL64	virulent	prophage_notproduced	False	prophage_notproduced	0.41667000000000004
YP_009153199_1_K25	REC_028_PROTEIN_295_KL51	1.4e-09	35.955	54.3	584	3	91	809	4	88	0.1523972602739726	0.10506798516687268	0.10506798516687268	False	KL25	KL51	virulent	virulent	False	virulent-virulent	0.35955
876_57	248_38	1.99e-09	40.541	54.3	850	225	296	693	60	129	0.08470588235294117	0.10101010101010101	0.08470588235294117	False	KL28	KL46	prophage_notproduced	prophage	False	prophage_notproduced	0.40541
434_33	BAN78446_1_KN2	2.89e-09	27.885	54.3	859	686	859	1245	1045	1245	0.20256111757857975	0.1614457831325301	0.1614457831325301	True	KL52	KN2	prophage	virulent	False	prophage-virulent	0.27885000000000004
REC_009_PROTEIN_7_KL19	1343_36	1.87e-09	30.526	54.3	763	130	222	795	47	129	0.1218872870249017	0.10440251572327044	0.10440251572327044	False	KL19	KL64	virulent	prophage_notproduced	False	prophage_notproduced	0.30526
KQQ_B1_PHAGE040_M_PROTEIN_36	KPN_B8_PHAGE124_M_PROTEIN_72	2.29e-09	28.431	54.3	872	1	102	634	1	101	0.11697247706422019	0.15930599369085174	0.11697247706422019	False	KL14	KL111	prediction	prediction	False	other	0.28431
1663_69	914_74	1.6e-09	28.025	54.3	745	10	160	666	6	159	0.20268456375838925	0.23123123123123124	0.20268456375838925	False	KL12	KL62	prophage_notproduced	prophage	False	prophage_notproduced	0.28025
0496_72	UVD31996_1_K20	2.64e-09	33.019	54.3	968	138	241	790	93	190	0.10743801652892562	0.1240506329113924	0.10743801652892562	False	KL122	KL20	prophage	virulent	False	prophage-virulent	0.33019
KQQ_B1_PHAGE040_M_PROTEIN_36	1668_49	2.26e-09	26.515	54.3	872	1	132	702	1	129	0.15137614678899083	0.18376068376068377	0.15137614678899083	False	KL14	KL2	prediction	prophage_notproduced	False	other	0.26515
KPN_B13_PHAGE002_M_PROTEIN_56	UVD31996_1_K20	2.57e-09	33.019	54.3	967	137	240	790	93	190	0.10754912099276112	0.1240506329113924	0.10754912099276112	False	KL122	KL20	prediction	virulent	False	prediction	0.33019
184_43	1723_59	2.02e-09	39.286	53.9	639	50	129	951	215	296	0.12519561815336464	0.08622502628811778	0.08622502628811778	False	KL111	KL60	prophage	prophage	False	prophage-prophage	0.39286
APZ82848_1_K5	YP_009198669_1_K21	1.84e-09	74.194	53.9	684	2	32	575	1	31	0.04532163742690058	0.05391304347826087	0.04532163742690058	False	KL5	KL21	virulent	virulent	False	virulent-virulent	0.74194
ALT58498_1_K47	YP_003347556_1_K21	1.92e-09	82.759	53.9	641	1	29	576	1	29	0.0452418096723869	0.050347222222222224	0.0452418096723869	False	KL47	KL21	virulent	virulent	False	virulent-virulent	0.82759
KPN_B3_PHAGE052_L_PROTEIN_120	319_37	2.42e-09	38.889	53.5	574	3	69	794	4	75	0.11672473867595819	0.0906801007556675	0.0906801007556675	False	KL25	KL127	prediction	prophage	False	prediction	0.38889
KQQ_B1_PHAGE040_M_PROTEIN_36	KPN_B3_PHAGE052_L_PROTEIN_120	3.19e-09	43.243	53.5	872	4	73	574	3	69	0.08027522935779817	0.11672473867595819	0.08027522935779817	False	KL14	KL25	prediction	prediction	False	other	0.43243000000000004
AXE28435_1_KN1	0391_11	3.81e-09	33.654	53.5	820	126	218	839	138	240	0.11341463414634147	0.12276519666269368	0.11341463414634147	False	KN1	KL62	virulent	prophage	False	prophage-virulent	0.33654000000000006
0574_17	KPN_B3_PHAGE052_L_PROTEIN_120	3.17e-09	43.243	53.5	873	5	74	574	3	69	0.08018327605956473	0.11672473867595819	0.08018327605956473	False	KL14	KL25	prophage	prediction	False	prediction	0.43243000000000004
1723_59	YP_009226011_1_K63	4.29e-09	36.145	53.5	951	282	364	883	174	256	0.08727655099894847	0.09399773499433749	0.08727655099894847	False	KL60	KL63	prophage	virulent	False	prophage-virulent	0.36145000000000005
QOV05502_1_K47	APZ82848_1_K5	2.24e-09	82.759	53.5	641	1	29	684	1	29	0.0452418096723869	0.04239766081871345	0.04239766081871345	False	KL47	KL5	virulent	virulent	False	virulent-virulent	0.82759
ALT58498_1_K47	APZ82848_1_K5	2.26e-09	82.759	53.5	641	1	29	684	1	29	0.0452418096723869	0.04239766081871345	0.04239766081871345	False	KL47	KL5	virulent	virulent	False	virulent-virulent	0.82759
KPN_B7_PHAGE164_M_PROTEIN_57	319_37	3.83e-09	31.707	53.5	803	194	314	794	30	148	0.1506849315068493	0.14987405541561713	0.14987405541561713	False	KL25	KL127	prediction	prophage	False	prediction	0.31707
KPN_B4_PHAGE180_M_PROTEIN_15	1664_74	3.36e-09	27.568	53.5	707	35	203	777	48	224	0.23903818953323905	0.2277992277992278	0.2277992277992278	False	KL24	KL12	prediction	prophage_notproduced	False	other	0.27568000000000004
248_38	1723_59	3.01e-09	40.278	53.5	693	60	127	951	225	294	0.09812409812409813	0.07360672975814932	0.07360672975814932	False	KL46	KL60	prophage	prophage	False	prophage-prophage	0.40277999999999997
YP_009153195_1_KN4	UCR74085_1_K20	4.59e-09	35.556	53.1	736	1	90	723	1	88	0.12228260869565218	0.12171507607192254	0.12171507607192254	False	KN4	KL20	virulent	virulent	False	virulent-virulent	0.35556
248_38	1668_49	4.2e-09	29.412	53.1	693	1	102	702	1	99	0.1471861471861472	0.14102564102564102	0.14102564102564102	False	KL46	KL2	prophage	prophage_notproduced	False	prophage_notproduced	0.29412
KVV_B1_PHAGE226_M_PROTEIN_38	1057_41	1.77e-09	40.984	53.1	466	4	64	578	6	66	0.13090128755364808	0.10553633217993079	0.10553633217993079	False	KL127	KL25	prediction	prophage_notproduced	False	other	0.40984000000000004
KPN_B6_PHAGE307_M_PROTEIN_10	1723_59	5.02e-09	25.568	53.1	736	92	256	951	228	392	0.22418478260869565	0.17350157728706625	0.17350157728706625	False	KL3	KL60	prediction	prophage	False	prediction	0.25568
KPN_B11_PHAGE013_M_PROTEIN_11	BAN78446_1_KN2	6.44e-09	26.316	53.1	913	725	913	1245	1084	1244	0.20700985761226726	0.12931726907630522	0.12931726907630522	True	KL3	KN2	prediction	virulent	False	prediction	0.26316
UVD31996_1_K20	BBF66844_1_KN1	5.42e-09	28.497	52.8	790	9	190	820	64	230	0.23037974683544304	0.20365853658536584	0.20365853658536584	False	KL20	KN1	virulent	virulent	False	virulent-virulent	0.28497
706_38	KPN_B3_PHAGE052_L_PROTEIN_120	5.29e-09	38.983	52.8	741	6	64	574	5	63	0.0796221322537112	0.10278745644599303	0.0796221322537112	False	KL2	KL25	prophage_notproduced	prediction	False	other	0.38982999999999995
YP_009797016_1_K64	1538_54	8.3e-09	36.145	52.8	1017	187	269	900	229	309	0.08161258603736479	0.09	0.08161258603736479	False	KL64	KL140	virulent	prophage_notproduced	False	prophage_notproduced	0.36145000000000005
REC_009_PROTEIN_7_KL19	706_38	5.92e-09	43.103	52.8	763	179	234	741	84	141	0.07339449541284404	0.07827260458839407	0.07339449541284404	False	KL19	KL2	virulent	prophage_notproduced	False	prophage_notproduced	0.43103
1668_49	1724_71	5.07e-09	31.624	52.8	702	46	158	843	106	222	0.16096866096866097	0.1387900355871886	0.1387900355871886	False	KL2	KL60	prophage_notproduced	prophage	False	prophage_notproduced	0.31623999999999997
KPN_B4_PHAGE180_M_PROTEIN_15	KPN_B3_PHAGE052_L_PROTEIN_120	4.63e-09	40.984	52.8	707	4	64	574	3	63	0.08628005657708628	0.10627177700348432	0.08628005657708628	False	KL24	KL25	prediction	prediction	False	other	0.40984000000000004
1538_54	QOV05454_1_K64	7.47e-09	36.145	52.8	900	229	309	1017	187	269	0.09	0.08161258603736479	0.08161258603736479	False	KL140	KL64	prophage_notproduced	virulent	False	prophage_notproduced	0.36145000000000005
KVV_B3_PHAGE102_M_PROTEIN_79	UPW42650_1_K2	4.41e-09	24.348	52.8	652	2	340	763	207	508	0.5199386503067485	0.39580602883355176	0.39580602883355176	False	KL60	KL2	prediction	virulent	False	prediction	0.24348
KVV_B1_PHAGE226_M_PROTEIN_38	KPN_B7_PHAGE164_M_PROTEIN_57	3.07e-09	33.654	52.8	466	49	148	803	213	314	0.2145922746781116	0.12702366127023662	0.12702366127023662	False	KL127	KL25	prediction	prediction	False	other	0.33654000000000006
1663_69	1248_57	5.67e-09	24.742	52.8	745	10	192	704	6	196	0.24563758389261744	0.2713068181818182	0.24563758389261744	False	KL12	KL23	prophage_notproduced	prophage	False	prophage_notproduced	0.24742
1663_69	1441_47	5.16e-09	24.742	52.8	745	10	192	704	6	196	0.24563758389261744	0.2713068181818182	0.24563758389261744	False	KL12	KL23	prophage_notproduced	prophage	False	prophage_notproduced	0.24742
KPN_B13_PHAGE067_M_PROTEIN_74	1723_59	5.03e-09	25.764	52.8	698	77	281	951	223	433	0.29369627507163326	0.22187171398527866	0.22187171398527866	False	KL28	KL60	prediction	prophage	False	prediction	0.25764
AXE28435_1_KN1	UVD31996_1_K20	6.91e-09	28.497	52.8	820	63	229	790	9	190	0.20365853658536584	0.23037974683544304	0.20365853658536584	False	KN1	KL20	virulent	virulent	False	virulent-virulent	0.28497
AXE28435_1_KN1	KPN_B20_PHAGE048_M_PROTEIN_10	7.29e-09	33.654	52.8	820	126	218	837	136	238	0.11341463414634147	0.12305854241338113	0.11341463414634147	False	KN1	KL62	virulent	prediction	False	prediction	0.33654000000000006
AXE28435_1_KN1	0367_12	6.07e-09	33.654	52.8	820	126	218	851	150	252	0.11341463414634147	0.12103407755581669	0.11341463414634147	False	KN1	KL62	virulent	prophage	False	prophage-virulent	0.33654000000000006
1409_59	706_38	6.63e-09	35.052	52.8	852	215	311	741	50	144	0.11384976525821597	0.1282051282051282	0.11384976525821597	False	KL23	KL2	prophage	prophage_notproduced	False	prophage_notproduced	0.35052
706_38	KPN_B8_PHAGE124_M_PROTEIN_72	6.01e-09	25.0	52.4	741	1	215	634	1	221	0.2901484480431849	0.34858044164037855	0.2901484480431849	False	KL2	KL111	prophage_notproduced	prediction	False	other	0.25
1663_69	KQS_B1_PHAGE068_M_PROTEIN_82	7.21e-09	27.174	52.4	745	10	179	813	6	184	0.22818791946308725	0.2201722017220172	0.2201722017220172	False	KL12	KL127	prophage_notproduced	prediction	False	other	0.27174
BBF66844_1_KN1	0391_11	7.74e-09	32.692	52.4	820	127	219	839	138	240	0.11341463414634147	0.12276519666269368	0.11341463414634147	False	KN1	KL62	virulent	prophage	False	prophage-virulent	0.32692
YP_009198669_1_K21	BBF66868_1_K56	5.14e-09	51.923	52.4	575	4	55	678	6	51	0.09043478260869565	0.06784660766961652	0.06784660766961652	False	KL21	KL56	virulent	virulent	False	virulent-virulent	0.51923
1664_74	KPN_B14_PHAGE090_M_PROTEIN_50	9.5e-09	31.683	52.0	777	124	224	803	210	303	0.12998712998713	0.11706102117061021	0.11706102117061021	False	KL12	KL24	prophage_notproduced	prediction	False	other	0.31683
ATI16495_1_K57	REC_009_PROTEIN_7_KL19	8.72e-09	28.378	52.0	721	36	238	763	112	312	0.2815533980582524	0.2634338138925295	0.2634338138925295	False	KL57	KL19	virulent	virulent	False	virulent-virulent	0.28378
YP_009153203_1_K30/K69	BBF66867_1_KN3	1.05e-08	38.667	52.0	767	224	293	792	245	319	0.09126466753585398	0.0946969696969697	0.09126466753585398	False	KL30/K69	KN3	virulent	virulent	False	virulent-virulent	0.38667
YP_009226011_1_K63	KPN_B14_PHAGE090_M_PROTEIN_50	1.2e-08	25.385	52.0	883	11	250	803	49	292	0.2718006795016987	0.3038605230386052	0.2718006795016987	False	KL63	KL24	virulent	prediction	False	prediction	0.25385
1723_59	YP_009797016_1_K64	1.53e-08	35.556	52.0	951	220	302	1017	171	260	0.08727655099894847	0.08849557522123894	0.08727655099894847	False	KL60	KL64	prophage	virulent	False	prophage-virulent	0.35556
184_43	1538_54	7.29e-09	39.286	52.0	639	50	129	900	215	296	0.12519561815336464	0.09111111111111111	0.09111111111111111	False	KL111	KL140	prophage	prophage_notproduced	False	prophage_notproduced	0.39286
1723_59	QOV05454_1_K64	1.61e-08	35.556	52.0	951	220	302	1017	171	260	0.08727655099894847	0.08849557522123894	0.08727655099894847	False	KL60	KL64	prophage	virulent	False	prophage-virulent	0.35556
873_60	REC_009_PROTEIN_7_KL19	5.53e-09	63.636	52.0	554	1	33	763	225	257	0.05956678700361011	0.04325032765399738	0.04325032765399738	False	KL28	KL19	prophage_notproduced	virulent	False	prophage_notproduced	0.63636
1723_62	YP_009820105_1_K2	7.58e-09	27.891	52.0	629	1	140	907	200	343	0.22257551669316375	0.1587651598676957	0.1587651598676957	False	KL60	KL2	prophage_notproduced	virulent	False	prophage_notproduced	0.27891
1538_54	434_33	1.35e-08	35.556	52.0	900	225	313	859	60	147	0.09888888888888889	0.10244470314318975	0.09888888888888889	False	KL140	KL52	prophage_notproduced	prophage	False	prophage_notproduced	0.35556
APZ82804_1_K30/K69	QIW88225_1_K23	8.62e-09	51.786	52.0	792	267	322	607	54	105	0.0707070707070707	0.085667215815486	0.0707070707070707	False	KL30/K69	KL23	virulent	virulent	False	virulent-virulent	0.51786
UCR74082_1_K7	ALT58497_1_K47	1.87e-08	42.647	52.0	1180	268	333	793	188	255	0.05593220338983051	0.08575031525851198	0.05593220338983051	False	KL7	KL47	virulent	virulent	False	virulent-virulent	0.42646999999999996
UCR74082_1_K7	QDF14644_1_K47	1.78e-08	42.647	52.0	1180	268	333	793	188	255	0.05593220338983051	0.08575031525851198	0.05593220338983051	False	KL7	KL47	virulent	virulent	False	virulent-virulent	0.42646999999999996
QTH79846_1_K57	REC_009_PROTEIN_7_KL19	1.02e-08	33.333	51.6	614	16	130	763	190	312	0.18729641693811075	0.16120576671035386	0.16120576671035386	False	KL57	KL19	virulent	virulent	False	virulent-virulent	0.33332999999999996
APZ82804_1_K30/K69	ATI16495_1_K57	1.48e-08	50.909	51.6	792	263	317	721	144	194	0.06944444444444445	0.07073509015256588	0.06944444444444445	False	KL30/K69	KL57	virulent	virulent	False	virulent-virulent	0.50909
1663_69	1921_77	1.09e-08	25.397	51.6	745	15	192	701	12	193	0.2389261744966443	0.25962910128388017	0.2389261744966443	False	KL12	KL9	prophage_notproduced	prophage_notproduced	False	other	0.25397
UCR74082_1_K7	BBF66867_1_KN3	2.56e-08	44.444	51.6	1180	268	328	792	188	250	0.051694915254237285	0.07954545454545454	0.051694915254237285	False	KL7	KN3	virulent	virulent	False	virulent-virulent	0.44444
QTH79846_1_K57	BBF66888_1_KN4	9.2e-09	51.163	51.6	614	1	43	850	171	213	0.07003257328990228	0.05058823529411765	0.05058823529411765	False	KL57	KN4	virulent	virulent	False	virulent-virulent	0.5116299999999999
KPN_B3_PHAGE052_L_PROTEIN_120	KVV_B1_PHAGE226_M_PROTEIN_38	7.62e-09	39.344	51.6	574	3	63	466	4	64	0.10627177700348432	0.13090128755364808	0.10627177700348432	False	KL25	KL127	prediction	prediction	False	other	0.39344
BBF66844_1_KN1	KPN_B20_PHAGE048_M_PROTEIN_10	1.38e-08	32.692	51.6	820	127	219	837	136	238	0.11341463414634147	0.12305854241338113	0.11341463414634147	False	KN1	KL62	virulent	prediction	False	prediction	0.32692
1668_49	1723_59	1.31e-08	31.126	51.6	702	12	158	951	206	330	0.2094017094017094	0.13144058885383805	0.13144058885383805	False	KL2	KL60	prophage_notproduced	prophage	False	prophage_notproduced	0.31126000000000004
BBF66844_1_KN1	0367_12	1.31e-08	32.692	51.6	820	127	219	851	150	252	0.11341463414634147	0.12103407755581669	0.11341463414634147	False	KN1	KL62	virulent	prophage	False	prophage-virulent	0.32692
434_33	1723_59	2.31e-08	37.5	51.2	859	60	135	951	225	302	0.08847497089639116	0.08201892744479496	0.08201892744479496	False	KL52	KL60	prophage	prophage	False	prophage-prophage	0.375
1724_71	YP_009226011_1_K63	1.96e-08	36.986	51.2	843	184	256	883	184	256	0.08659549228944247	0.08267270668176671	0.08267270668176671	False	KL60	KL63	prophage	virulent	False	prophage-virulent	0.36985999999999997
1664_74	QTP95996_1_K13/K2	1.79e-08	38.462	51.2	777	131	221	907	183	267	0.11711711711711711	0.09371554575523705	0.09371554575523705	False	KL12	KL13/K2	prophage_notproduced	virulent	False	prophage_notproduced	0.38462
KPN_B7_PHAGE164_M_PROTEIN_57	706_38	1.93e-08	31.852	51.2	803	214	348	741	50	171	0.16811955168119552	0.16464237516869096	0.16464237516869096	False	KL25	KL2	prediction	prophage_notproduced	False	other	0.31852
1664_74	YP_009820105_1_K2	1.93e-08	38.462	51.2	777	131	221	907	183	267	0.11711711711711711	0.09371554575523705	0.09371554575523705	False	KL12	KL2	prophage_notproduced	virulent	False	prophage_notproduced	0.38462
1664_74	QUU29414_1_K2	1.82e-08	38.462	51.2	777	131	221	907	183	267	0.11711711711711711	0.09371554575523705	0.09371554575523705	False	KL12	KL2	prophage_notproduced	virulent	False	prophage_notproduced	0.38462
1664_74	UPW42726_1_K2	2.11e-08	38.462	51.2	777	131	221	907	183	267	0.11711711711711711	0.09371554575523705	0.09371554575523705	False	KL12	KL2	prophage_notproduced	virulent	False	prophage_notproduced	0.38462
1409_59	YP_009797016_1_K64	3.05e-08	34.906	50.8	852	229	332	1017	187	282	0.12206572769953052	0.0943952802359882	0.0943952802359882	False	KL23	KL64	prophage	virulent	False	prophage-virulent	0.34906
1409_59	QOV05454_1_K64	3.19e-08	34.906	50.8	852	229	332	1017	187	282	0.12206572769953052	0.0943952802359882	0.0943952802359882	False	KL23	KL64	prophage	virulent	False	prophage-virulent	0.34906
1668_49	706_38	2.01e-08	30.0	50.8	702	1	98	741	1	100	0.1396011396011396	0.1349527665317139	0.1349527665317139	False	KL2	KL2	prophage_notproduced	prophage_notproduced	True	other	0.3
QTH79846_1_K57	666_83	2.28e-08	58.824	50.4	614	1	34	773	204	237	0.05537459283387622	0.04398447606727038	0.04398447606727038	False	KL57	KL116	virulent	prophage_notproduced	False	prophage_notproduced	0.58824
WNO47121_1_K5	QIW88225_1_K23	3.26e-08	34.0	50.4	857	167	257	607	37	136	0.10618436406067679	0.16474464579901152	0.10618436406067679	False	KL5	KL23	virulent	virulent	False	virulent-virulent	0.34
1091_44	1664_74	3.81e-08	37.805	50.4	880	209	281	777	138	219	0.08295454545454546	0.10553410553410554	0.08295454545454546	False	KL64	KL12	prophage	prophage_notproduced	False	prophage_notproduced	0.37805
KVV_B2_PHAGE059_M_PROTEIN_71	914_74	3.39e-08	30.061	50.4	929	6	165	666	9	146	0.1722282023681378	0.2072072072072072	0.1722282023681378	False	KL10	KL62	prediction	prophage	False	prediction	0.30061
1630_70	914_74	3.39e-08	30.061	50.4	929	6	165	666	9	146	0.1722282023681378	0.2072072072072072	0.1722282023681378	False	KL10	KL62	prophage_inactive	prophage	False	prophage_inactive	0.30061
1664_74	KPN_B20_PHAGE487_M_PROTEIN_8	2.99e-08	37.805	50.4	777	138	219	880	209	281	0.10553410553410554	0.08295454545454546	0.08295454545454546	False	KL12	KL64	prophage_notproduced	prediction	False	other	0.37805
KPN_B14_PHAGE090_M_PROTEIN_50	UPW42650_1_K2	3.17e-08	27.632	50.4	803	216	366	763	188	325	0.18804483188044832	0.18086500655307994	0.18086500655307994	False	KL24	KL2	prediction	virulent	False	prediction	0.27632
UCR74083_1_K27	YP_007007686_1_K54	6.27e-08	24.038	50.4	1294	30	225	895	172	372	0.15146831530139104	0.2245810055865922	0.15146831530139104	False	KL27	KL54	virulent	virulent	False	virulent-virulent	0.24038
APZ82804_1_K30/K69	UCR74083_1_K27	3.89e-08	34.694	50.4	792	197	293	1294	106	198	0.12247474747474747	0.07187017001545595	0.07187017001545595	False	KL30/K69	KL27	virulent	virulent	False	virulent-virulent	0.34694
YP_009226011_1_K63	1091_44	5.49e-08	33.01	50.1	883	154	255	880	179	281	0.11551528878822197	0.11704545454545455	0.11551528878822197	False	KL63	KL64	virulent	prophage	False	prophage-virulent	0.3301
1409_59	1251_37	4.86e-08	40.541	50.1	852	225	296	677	60	129	0.08450704225352113	0.103397341211226	0.08450704225352113	False	KL23	KL28	prophage	prophage	False	prophage-prophage	0.40541
KPN_B11_PHAGE013_M_PROTEIN_11	YP_009226011_1_K63	4.64e-08	34.783	50.1	913	224	315	883	184	273	0.10076670317634173	0.10192525481313704	0.10076670317634173	False	KL3	KL63	prediction	virulent	False	prediction	0.34783000000000003
BBF66867_1_KN3	ATI16495_1_K57	3.94e-08	38.554	50.1	792	267	341	721	148	226	0.0946969696969697	0.10957004160887657	0.0946969696969697	False	KN3	KL57	virulent	virulent	False	virulent-virulent	0.38554
YP_009226011_1_K63	KPN_B20_PHAGE487_M_PROTEIN_8	5.49e-08	33.01	50.1	883	154	255	880	179	281	0.11551528878822197	0.11704545454545455	0.11551528878822197	False	KL63	KL64	virulent	prediction	False	prediction	0.3301
KQS_B1_PHAGE068_M_PROTEIN_82	KVV_B2_PHAGE059_M_PROTEIN_71	5.01e-08	30.061	50.1	813	9	146	929	6	165	0.16974169741697417	0.1722282023681378	0.16974169741697417	False	KL127	KL10	prediction	prediction	False	other	0.30061
1723_62	QTP95996_1_K13/K2	3.45e-08	27.211	50.1	629	1	140	907	200	343	0.22257551669316375	0.1587651598676957	0.1587651598676957	False	KL60	KL13/K2	prophage_notproduced	virulent	False	prophage_notproduced	0.27210999999999996
KQS_B1_PHAGE068_M_PROTEIN_82	1630_70	5.01e-08	30.061	50.1	813	9	146	929	6	165	0.16974169741697417	0.1722282023681378	0.16974169741697417	False	KL127	KL10	prediction	prophage_inactive	False	other	0.30061
QUU29414_1_K2	1723_62	6.65e-08	27.211	49.7	907	200	343	629	1	140	0.1587651598676957	0.22257551669316375	0.1587651598676957	False	KL2	KL60	virulent	prophage_notproduced	False	prophage_notproduced	0.27210999999999996
1248_57	KVV_B2_PHAGE059_M_PROTEIN_71	5.25e-08	30.061	49.7	704	9	146	929	6	165	0.19602272727272727	0.1722282023681378	0.1722282023681378	False	KL23	KL10	prophage	prediction	False	prediction	0.30061
KPN_B7_PHAGE164_M_PROTEIN_57	1251_37	4.65e-08	40.541	49.7	803	224	295	677	60	129	0.0896637608966376	0.103397341211226	0.0896637608966376	False	KL25	KL28	prediction	prophage	False	prediction	0.40541
1538_54	YP_009820105_1_K2	6.67e-08	40.909	49.7	900	292	357	907	191	255	0.07333333333333333	0.07166482910694598	0.07166482910694598	False	KL140	KL2	prophage_notproduced	virulent	False	prophage_notproduced	0.40909
YP_009153200_1_K35	248_38	5e-08	23.25	49.7	779	15	396	693	50	404	0.49037227214377405	0.5122655122655123	0.49037227214377405	False	KL35	KL46	virulent	prophage	False	prophage-virulent	0.2325
1630_70	1248_57	6.31e-08	30.061	49.7	929	6	165	704	9	146	0.1722282023681378	0.19602272727272727	0.1722282023681378	False	KL10	KL23	prophage_inactive	prophage	False	prophage_inactive	0.30061
321_71	KVV_B2_PHAGE059_M_PROTEIN_71	4.77e-08	30.061	49.7	690	9	146	929	6	165	0.2	0.1722282023681378	0.1722282023681378	False	KL127	KL10	prophage_notproduced	prediction	False	other	0.30061
1630_70	321_71	6.42e-08	30.061	49.7	929	6	165	690	9	146	0.1722282023681378	0.2	0.1722282023681378	False	KL10	KL127	prophage_inactive	prophage_notproduced	False	other	0.30061
UPW42726_1_K2	1723_62	6.59e-08	27.211	49.7	907	200	343	629	1	140	0.1587651598676957	0.22257551669316375	0.1587651598676957	False	KL2	KL60	virulent	prophage_notproduced	False	prophage_notproduced	0.27210999999999996
1538_54	QUU29414_1_K2	7.08e-08	40.909	49.7	900	292	357	907	191	255	0.07333333333333333	0.07166482910694598	0.07166482910694598	False	KL140	KL2	prophage_notproduced	virulent	False	prophage_notproduced	0.40909
YP_003347555_1_K3	UCR74083_1_K27	6.88e-08	30.723	49.7	869	187	333	1294	97	255	0.16915995397008055	0.12287480680061824	0.12287480680061824	False	KL3	KL27	virulent	virulent	False	virulent-virulent	0.30723
1538_54	QTP95996_1_K13/K2	6.34e-08	40.909	49.7	900	292	357	907	191	255	0.07333333333333333	0.07166482910694598	0.07166482910694598	False	KL140	KL13/K2	prophage_notproduced	virulent	False	prophage_notproduced	0.40909
1538_54	UPW42726_1_K2	6.62e-08	40.909	49.7	900	292	357	907	191	255	0.07333333333333333	0.07166482910694598	0.07166482910694598	False	KL140	KL2	prophage_notproduced	virulent	False	prophage_notproduced	0.40909
1723_62	1664_74	5.71e-08	37.5	49.3	629	1	82	777	148	235	0.13036565977742448	0.11325611325611326	0.11325611325611326	False	KL60	KL12	prophage_notproduced	prophage_notproduced	False	other	0.375
434_33	876_57	8.91e-08	35.714	49.3	859	60	141	850	225	308	0.09545983701979045	0.0988235294117647	0.09545983701979045	False	KL52	KL28	prophage	prophage_notproduced	False	prophage_notproduced	0.35714
BBF66868_1_K56	YP_003347556_1_K21	5.75e-08	47.17	49.3	678	5	51	576	4	56	0.06932153392330384	0.0920138888888889	0.06932153392330384	False	KL56	KL21	virulent	virulent	False	virulent-virulent	0.4717
1723_62	1190_71	4.59e-08	36.585	49.3	629	1	79	695	150	229	0.12559618441971382	0.11510791366906475	0.11510791366906475	False	KL60	KL28	prophage_notproduced	prophage_notproduced	False	other	0.36585
1630_70	1441_47	7.61e-08	30.061	49.3	929	6	165	704	9	146	0.1722282023681378	0.19602272727272727	0.1722282023681378	False	KL10	KL23	prophage_inactive	prophage	False	prophage_inactive	0.30061
KVV_B2_PHAGE059_M_PROTEIN_71	1441_47	7.61e-08	30.061	49.3	929	6	165	704	9	146	0.1722282023681378	0.19602272727272727	0.1722282023681378	False	KL10	KL23	prediction	prophage	False	prediction	0.30061
1723_62	1344_72	5.05e-08	35.165	49.3	629	1	88	698	153	241	0.13990461049284578	0.12750716332378223	0.12750716332378223	False	KL60	KL64	prophage_notproduced	prophage_notproduced	False	other	0.35165
QOV05502_1_K47	YP_009198669_1_K21	4.25e-08	41.667	49.3	641	5	82	575	4	80	0.12168486739469579	0.13391304347826086	0.12168486739469579	False	KL47	KL21	virulent	virulent	False	virulent-virulent	0.41667000000000004
BBF66868_1_K56	APZ82848_1_K5	7.02e-08	74.074	48.9	678	6	32	684	5	31	0.03982300884955752	0.039473684210526314	0.039473684210526314	False	KL56	KL5	virulent	virulent	False	virulent-virulent	0.74074
KPN_B6_PHAGE307_M_PROTEIN_10	1343_36	7.91e-08	33.333	48.9	736	125	227	795	102	195	0.13994565217391305	0.11823899371069183	0.11823899371069183	False	KL3	KL64	prediction	prophage_notproduced	False	other	0.33332999999999996
YP_009153196_1_K21	REC_028_PROTEIN_295_KL51	7.08e-08	30.769	48.9	651	1	104	809	1	98	0.1597542242703533	0.1211372064276885	0.1211372064276885	False	KL21	KL51	virulent	virulent	False	virulent-virulent	0.30768999999999996
KPN_B14_PHAGE090_M_PROTEIN_50	1343_36	9.26e-08	37.838	48.9	803	224	297	795	124	195	0.0921544209215442	0.09056603773584905	0.09056603773584905	False	KL24	KL64	prediction	prophage_notproduced	False	other	0.37838
1723_62	1248_60	8.84e-08	34.066	48.5	629	1	88	546	1	89	0.13990461049284578	0.163003663003663	0.13990461049284578	False	KL60	KL28	prophage_notproduced	prophage_notproduced	False	other	0.34066
876_57	YP_009797016_1_K64	1.43e-07	34.444	48.5	850	220	302	1017	171	260	0.0976470588235294	0.08849557522123894	0.08849557522123894	False	KL28	KL64	prophage_notproduced	virulent	False	prophage_notproduced	0.34444
1723_59	706_38	1.4e-07	37.179	48.5	951	215	292	741	50	125	0.08201892744479496	0.10256410256410256	0.08201892744479496	False	KL60	KL2	prophage	prophage_notproduced	False	prophage_notproduced	0.37179
1723_62	1409_62	8.8e-08	34.066	48.5	629	1	88	550	1	89	0.13990461049284578	0.1618181818181818	0.13990461049284578	False	KL60	KL28	prophage_notproduced	prophage_notproduced	False	other	0.34066
876_57	QOV05454_1_K64	1.44e-07	34.444	48.5	850	220	302	1017	171	260	0.0976470588235294	0.08849557522123894	0.08849557522123894	False	KL28	KL64	prophage_notproduced	virulent	False	prophage_notproduced	0.34444
YP_009797016_1_K64	KPN_B7_PHAGE164_M_PROTEIN_57	1.88e-07	35.526	48.5	1017	171	246	803	219	287	0.07472959685349066	0.0859277708592777	0.07472959685349066	False	KL64	KL25	virulent	prediction	False	prediction	0.35526
706_38	876_57	1.19e-07	37.179	48.5	741	50	125	850	215	292	0.10256410256410256	0.09176470588235294	0.09176470588235294	False	KL2	KL28	prophage_notproduced	prophage_notproduced	False	other	0.37179
434_33	0496_72	1.87e-07	28.099	48.1	859	697	813	968	775	895	0.1362048894062864	0.125	0.125	False	KL52	KL122	prophage	prophage	False	prophage-prophage	0.28099
KPN_B7_PHAGE164_M_PROTEIN_57	QOV05454_1_K64	1.62e-07	35.526	48.1	803	219	287	1017	171	246	0.0859277708592777	0.07472959685349066	0.07472959685349066	False	KL25	KL64	prediction	virulent	False	prediction	0.35526
KPN_B20_PHAGE487_M_PROTEIN_8	1723_62	1.9e-07	31.304	48.1	880	219	326	629	1	114	0.12272727272727273	0.18124006359300476	0.12272727272727273	False	KL64	KL60	prediction	prophage_notproduced	False	other	0.31304
1723_62	1091_44	1.29e-07	31.304	48.1	629	1	114	880	219	326	0.18124006359300476	0.12272727272727273	0.12272727272727273	False	KL60	KL64	prophage_notproduced	prophage	False	prophage_notproduced	0.31304
434_33	KPN_B13_PHAGE002_M_PROTEIN_56	1.85e-07	28.099	48.1	859	697	813	967	774	894	0.1362048894062864	0.125129265770424	0.125129265770424	False	KL52	KL122	prophage	prediction	False	prediction	0.28099
QOI68577_1_K23	YP_009153203_1_K30/K69	1.26e-07	44.681	47.8	555	11	57	767	251	297	0.08468468468468468	0.061277705345501955	0.061277705345501955	False	KL23	KL30/K69	virulent	virulent	False	virulent-virulent	0.44681
0574_17	ATI16495_1_K57	2.43e-07	27.642	47.8	873	87	191	721	116	233	0.12027491408934708	0.1636615811373093	0.12027491408934708	False	KL14	KL57	prophage	virulent	False	prophage-virulent	0.27642
1663_69	1406_54	2.13e-07	29.787	47.8	745	15	149	695	12	145	0.18120805369127516	0.19280575539568345	0.18120805369127516	False	KL12	KL28	prophage_notproduced	prophage_notproduced	False	other	0.29786999999999997
ALT58498_1_K47	YP_009198669_1_K21	1.55e-07	40.476	47.8	641	5	82	575	4	80	0.12168486739469579	0.13391304347826086	0.12168486739469579	False	KL47	KL21	virulent	virulent	False	virulent-virulent	0.40476
1406_54	1723_62	1.66e-07	35.366	47.8	695	150	229	629	1	79	0.11510791366906475	0.12559618441971382	0.11510791366906475	False	KL28	KL60	prophage_notproduced	prophage_notproduced	False	other	0.35366
KPN_B13_PHAGE067_M_PROTEIN_74	1723_62	1.8e-07	34.066	47.8	698	153	241	629	1	88	0.12750716332378223	0.13990461049284578	0.12750716332378223	False	KL28	KL60	prediction	prophage_notproduced	False	other	0.34066
1723_62	876_57	1.44e-07	34.066	47.8	629	1	88	850	301	389	0.13990461049284578	0.10470588235294118	0.10470588235294118	False	KL60	KL28	prophage_notproduced	prophage_notproduced	False	other	0.34066
KQQ_B1_PHAGE040_M_PROTEIN_36	ATI16495_1_K57	2.44e-07	27.642	47.8	872	86	190	721	116	233	0.12041284403669725	0.1636615811373093	0.12041284403669725	False	KL14	KL57	prediction	virulent	False	prediction	0.27642
KPN_B6_PHAGE307_M_PROTEIN_10	1723_62	1.98e-07	33.673	47.8	736	164	254	629	1	96	0.12364130434782608	0.15262321144674085	0.12364130434782608	False	KL3	KL60	prediction	prophage_notproduced	False	other	0.33673000000000003
KPN_B20_PHAGE487_M_PROTEIN_8	UVD31996_1_K20	3.37e-07	33.696	47.4	880	125	213	790	90	179	0.10113636363636364	0.11392405063291139	0.10113636363636364	False	KL64	KL20	prediction	virulent	False	prediction	0.33696
319_37	876_57	3.15e-07	29.688	47.4	794	30	154	850	195	322	0.1574307304785894	0.15058823529411763	0.15058823529411763	False	KL127	KL28	prophage	prophage_notproduced	False	prophage_notproduced	0.29688
YP_009153197_1_K11	1664_74	2.07e-07	29.348	47.4	702	92	175	777	132	223	0.11965811965811966	0.11840411840411841	0.11840411840411841	False	KL11	KL12	virulent	prophage_notproduced	False	prophage_notproduced	0.29347999999999996
1190_71	453_72	2.61e-07	56.25	47.4	695	1	48	762	1	47	0.06906474820143885	0.06167979002624672	0.06167979002624672	False	KL28	KL14	prophage_notproduced	prophage_notproduced	False	other	0.5625
UVD31996_1_K20	1091_44	3e-07	33.696	47.4	790	90	179	880	125	213	0.11392405063291139	0.10113636363636364	0.10113636363636364	False	KL20	KL64	virulent	prophage	False	prophage-virulent	0.33696
YP_009153195_1_KN4	YP_009153199_1_K25	2.34e-07	32.468	47.4	736	5	80	584	4	80	0.10326086956521739	0.13184931506849315	0.10326086956521739	False	KN4	KL25	virulent	virulent	False	virulent-virulent	0.32468
QJI52632_K13/K2	YP_009226011_1_K63	1.68e-07	29.323	47.4	577	22	149	883	199	321	0.2218370883882149	0.1392978482446206	0.1392978482446206	False	KL13/K2	KL63	virulent	virulent	False	virulent-virulent	0.29323
1406_54	453_72	2.46e-07	56.25	47.4	695	1	48	762	1	47	0.06906474820143885	0.06167979002624672	0.06167979002624672	False	KL28	KL14	prophage_notproduced	prophage_notproduced	False	other	0.5625
BAN78446_1_KN2	YP_003347555_1_K3	4.67e-07	32.323	47.4	1245	1079	1177	869	744	839	0.07951807228915662	0.11047180667433831	0.07951807228915662	False	KN2	KL3	virulent	virulent	False	virulent-virulent	0.32323
706_38	1538_54	2.97e-07	34.568	47.4	741	47	125	900	212	292	0.10661268556005399	0.09	0.09	False	KL2	KL140	prophage_notproduced	prophage_notproduced	False	other	0.34568
0496_72	245_48	3.81e-07	21.583	47.4	968	144	675	655	10	508	0.5495867768595041	0.7618320610687023	0.5495867768595041	False	KL122	KL55	prophage	prophage_notproduced	False	prophage_notproduced	0.21583
738_68	1849_60	3.59e-07	32.468	47.0	742	2	78	1007	1	73	0.10377358490566038	0.07249255213505462	0.07249255213505462	False	KL143	KL36	prophage	prophage_notproduced	False	prophage_notproduced	0.32468
1538_54	UCR74082_1_K7	4.14e-07	31.646	47.0	900	291	369	1180	426	502	0.08777777777777777	0.06525423728813559	0.06525423728813559	False	KL140	KL7	prophage_notproduced	virulent	False	prophage_notproduced	0.31646
1343_36	1723_62	3.83e-07	30.435	47.0	795	134	241	629	1	114	0.13584905660377358	0.18124006359300476	0.13584905660377358	False	KL64	KL60	prophage_notproduced	prophage_notproduced	False	other	0.30435
1409_59	KQS_B1_PHAGE068_M_PROTEIN_82	3.64e-07	30.693	47.0	852	228	320	813	78	175	0.10915492957746478	0.12054120541205413	0.10915492957746478	False	KL23	KL127	prophage	prediction	False	prediction	0.30693000000000004
KPN_B13_PHAGE002_M_PROTEIN_56	245_48	4.33e-07	21.583	47.0	967	143	674	655	10	508	0.5501551189245087	0.7618320610687023	0.5501551189245087	False	KL122	KL55	prediction	prophage_notproduced	False	other	0.21583
YP_009153200_1_K35	YP_009153196_1_K21	5.06e-07	38.889	46.6	779	5	93	651	5	92	0.11424903722721438	0.13517665130568357	0.11424903722721438	False	KL35	KL21	virulent	virulent	False	virulent-virulent	0.38889
YP_009226011_1_K63	1343_36	4.89e-07	41.667	46.6	883	184	255	795	125	196	0.08154020385050963	0.09056603773584905	0.08154020385050963	False	KL63	KL64	virulent	prophage_notproduced	False	prophage_notproduced	0.41667000000000004
1921_77	453_72	4.29e-07	54.167	46.6	701	1	48	762	1	47	0.06847360912981455	0.06167979002624672	0.06167979002624672	False	KL9	KL14	prophage_notproduced	prophage_notproduced	False	other	0.54167
YP_007007686_1_K54	BAN78446_1_KN2	6.78e-07	29.091	46.6	895	172	277	1245	30	138	0.11843575418994413	0.08755020080321285	0.08755020080321285	False	KL54	KN2	virulent	virulent	False	virulent-virulent	0.29091
1538_54	BBF66868_1_K56	4.76e-07	24.468	46.6	900	306	545	678	35	307	0.26666666666666666	0.4026548672566372	0.26666666666666666	False	KL140	KL56	prophage_notproduced	virulent	False	prophage_notproduced	0.24468
UCR74082_1_K7	1723_62	8.21e-07	25.862	46.6	1180	436	586	629	1	163	0.12796610169491526	0.2591414944356121	0.12796610169491526	False	KL7	KL60	virulent	prophage_notproduced	False	prophage_notproduced	0.25861999999999996
1231_45	YP_009153203_1_K30/K69	3.21e-07	27.473	46.6	602	85	314	767	260	507	0.38205980066445183	0.32333767926988266	0.32333767926988266	False	KL169	KL30/K69	prophage_notproduced	virulent	False	prophage_notproduced	0.27473
319_37	1723_59	6.79e-07	33.333	46.2	794	49	127	951	214	294	0.09949622166246852	0.08517350157728706	0.08517350157728706	False	KL127	KL60	prophage	prophage	False	prophage-prophage	0.33332999999999996
KPN_B7_PHAGE164_M_PROTEIN_57	434_33	7.02e-07	35.484	46.2	803	224	314	859	60	145	0.1133250311332503	0.10011641443538999	0.10011641443538999	False	KL25	KL52	prediction	prophage	False	prediction	0.35484000000000004
1190_71	1663_69	5.64e-07	29.078	46.2	695	12	145	745	15	149	0.19280575539568345	0.18120805369127516	0.18120805369127516	False	KL28	KL12	prophage_notproduced	prophage_notproduced	False	other	0.29078
APZ82768_1_K13/K2	YP_009226011_1_K63	4.3e-07	28.571	46.2	577	22	149	883	199	321	0.2218370883882149	0.1392978482446206	0.1392978482446206	False	KL13/K2	KL63	virulent	virulent	False	virulent-virulent	0.28571
319_37	1538_54	6.65e-07	31.373	46.2	794	30	129	900	195	296	0.12594458438287154	0.11333333333333333	0.11333333333333333	False	KL127	KL140	prophage	prophage_notproduced	False	prophage_notproduced	0.31373
876_57	KVV_B1_PHAGE226_M_PROTEIN_38	5.04e-07	31.532	46.2	850	214	322	466	49	154	0.12823529411764706	0.22746781115879827	0.12823529411764706	False	KL28	KL127	prophage_notproduced	prediction	False	other	0.31532
1343_36	391_03	6.09e-07	31.193	46.2	795	98	195	736	121	227	0.12327044025157233	0.1453804347826087	0.12327044025157233	False	KL64	KL3	prophage_notproduced	prophage	False	prophage_notproduced	0.31193000000000004
REC_015_PROTEIN_54_KL2	YP_009226011_1_K63	4.34e-07	28.571	46.2	577	22	149	883	199	321	0.2218370883882149	0.1392978482446206	0.1392978482446206	False	KL2	KL63	virulent	virulent	False	virulent-virulent	0.28571
QIW88225_1_K23	QOV05454_1_K64	6.83e-07	39.062	45.8	607	44	107	1017	240	303	0.10543657331136738	0.06293018682399214	0.06293018682399214	False	KL23	KL64	virulent	virulent	False	virulent-virulent	0.39061999999999997
1724_71	876_57	9.36e-07	28.846	45.8	843	117	217	850	223	325	0.11981020166073547	0.12117647058823529	0.11981020166073547	False	KL60	KL28	prophage	prophage_notproduced	False	prophage_notproduced	0.28846
1723_59	1344_72	1.03e-06	30.769	45.8	951	223	325	698	77	177	0.10830704521556257	0.14469914040114612	0.10830704521556257	False	KL60	KL64	prophage	prophage_notproduced	False	prophage_notproduced	0.30768999999999996
1849_60	454_56	1.17e-06	31.776	45.8	1007	88	190	826	125	223	0.10228401191658391	0.1198547215496368	0.10228401191658391	False	KL36	KL14	prophage_notproduced	prophage_notproduced	False	other	0.31776
YP_009797016_1_K64	QIW88225_1_K23	1.18e-06	39.062	45.8	1017	240	303	607	44	107	0.06293018682399214	0.10543657331136738	0.06293018682399214	False	KL64	KL23	virulent	virulent	False	virulent-virulent	0.39061999999999997
BBF66888_1_KN4	1631_52	9.22e-07	25.581	45.8	850	122	303	822	133	345	0.21411764705882352	0.2591240875912409	0.21411764705882352	False	KN4	KL10	virulent	prophage_notproduced	False	prophage_notproduced	0.25581
YP_009153203_1_K30/K69	1190_71	1.05e-06	33.803	45.4	767	19	89	695	76	141	0.09256844850065189	0.09496402877697842	0.09256844850065189	False	KL30/K69	KL28	virulent	prophage_notproduced	False	prophage_notproduced	0.33803
KVV_B3_PHAGE102_M_PROTEIN_79	YP_009226011_1_K63	8.31e-07	27.143	45.4	652	2	141	883	193	315	0.2147239263803681	0.1392978482446206	0.1392978482446206	False	KL60	KL63	prediction	virulent	False	prediction	0.27143
1723_59	KVV_B1_PHAGE226_M_PROTEIN_38	9.7e-07	33.735	45.4	951	214	294	466	49	127	0.08517350157728706	0.16952789699570817	0.08517350157728706	False	KL60	KL127	prophage	prediction	False	prediction	0.33735
QOI68577_1_K23	BBF66867_1_KN3	6.63e-07	24.194	45.4	555	22	260	792	288	516	0.4306306306306306	0.28914141414141414	0.28914141414141414	False	KL23	KN3	virulent	virulent	False	virulent-virulent	0.24194
914_74	YP_009153203_1_K30/K69	8.31e-07	33.803	45.4	666	79	144	767	19	89	0.0990990990990991	0.09256844850065189	0.09256844850065189	False	KL62	KL30/K69	prophage	virulent	False	prophage-virulent	0.33803
KPN_B6_PHAGE307_M_PROTEIN_10	YP_009226011_1_K63	1e-06	34.021	45.4	736	147	243	883	176	270	0.13179347826086957	0.10758776896942242	0.10758776896942242	False	KL3	KL63	prediction	virulent	False	prediction	0.34021
1538_54	KVV_B1_PHAGE226_M_PROTEIN_38	1.1e-06	31.111	45.4	900	214	336	466	49	174	0.13666666666666666	0.2703862660944206	0.13666666666666666	False	KL140	KL127	prophage_notproduced	prediction	False	other	0.31111
BBF66888_1_KN4	KPN_B11_PHAGE013_M_PROTEIN_11	1.15e-06	28.03	45.4	850	122	238	913	133	259	0.1376470588235294	0.13910186199342825	0.1376470588235294	False	KN4	KL3	virulent	prediction	False	prediction	0.2803
321_71	YP_009153203_1_K30/K69	9.41e-07	33.803	45.4	690	79	144	767	19	89	0.09565217391304348	0.09256844850065189	0.09256844850065189	False	KL127	KL30/K69	prophage_notproduced	virulent	False	prophage_notproduced	0.33803
BBF66868_1_K56	QOV05502_1_K47	9.23e-07	63.333	45.4	678	2	31	641	1	30	0.04424778761061947	0.046801872074883	0.04424778761061947	False	KL56	KL47	virulent	virulent	False	virulent-virulent	0.63333
ALT58498_1_K47	BBF66868_1_K56	8.22e-07	63.333	45.4	641	1	30	678	2	31	0.046801872074883	0.04424778761061947	0.04424778761061947	False	KL47	KL56	virulent	virulent	False	virulent-virulent	0.63333
1921_77	YP_009153203_1_K30/K69	1.17e-06	33.803	45.1	701	76	141	767	19	89	0.09415121255349501	0.09256844850065189	0.09256844850065189	False	KL9	KL30/K69	prophage_notproduced	virulent	False	prophage_notproduced	0.33803
1664_74	YP_009226011_1_K63	1.56e-06	30.0	45.1	777	120	264	883	163	296	0.1866151866151866	0.15175537938844846	0.15175537938844846	False	KL12	KL63	prophage_notproduced	virulent	False	prophage_notproduced	0.3
UCR74082_1_K7	UCR74083_1_K27	2.69e-06	21.359	45.1	1180	985	1180	1294	1086	1287	0.16610169491525423	0.1561051004636785	0.1561051004636785	True	KL7	KL27	virulent	virulent	False	virulent-virulent	0.21359000000000003
QOV05454_1_K64	434_33	1.84e-06	35.616	45.1	1017	188	260	859	65	135	0.07177974434611603	0.08265424912689173	0.07177974434611603	False	KL64	KL52	virulent	prophage	False	prophage-virulent	0.35616
1724_71	1190_71	1.63e-06	27.731	45.1	843	108	222	695	62	179	0.13641755634638197	0.1697841726618705	0.13641755634638197	False	KL60	KL28	prophage	prophage_notproduced	False	prophage_notproduced	0.27731
UVD31996_1_K20	1409_59	1.64e-06	35.616	45.1	790	93	160	852	139	211	0.08607594936708861	0.08568075117370892	0.08568075117370892	False	KL20	KL23	virulent	prophage	False	prophage-virulent	0.35616
BAN78446_1_KN2	YP_009153201_1_K1	2.63e-06	29.245	45.1	1245	30	134	888	84	185	0.08433734939759036	0.11486486486486487	0.08433734939759036	False	KN2	KL1	virulent	virulent	False	virulent-virulent	0.29245
YP_009797016_1_K64	434_33	1.78e-06	35.616	45.1	1017	188	260	859	65	135	0.07177974434611603	0.08265424912689173	0.07177974434611603	False	KL64	KL52	virulent	prophage	False	prophage-virulent	0.35616
YP_009153203_1_K30/K69	1248_57	1.24e-06	33.803	45.1	767	19	89	704	79	144	0.09256844850065189	0.09375	0.09256844850065189	False	KL30/K69	KL23	virulent	prophage	False	prophage-virulent	0.33803
1441_47	YP_009153203_1_K30/K69	1.22e-06	33.803	45.1	704	79	144	767	19	89	0.09375	0.09256844850065189	0.09256844850065189	False	KL23	KL30/K69	prophage	virulent	False	prophage-virulent	0.33803
YP_009153203_1_K30/K69	1406_54	1.23e-06	33.803	45.1	767	19	89	695	76	141	0.09256844850065189	0.09496402877697842	0.09256844850065189	False	KL30/K69	KL28	virulent	prophage_notproduced	False	prophage_notproduced	0.33803
YP_009153203_1_K30/K69	KQS_B1_PHAGE068_M_PROTEIN_82	1.56e-06	33.803	45.1	767	19	89	813	79	144	0.09256844850065189	0.08118081180811808	0.08118081180811808	False	KL30/K69	KL127	virulent	prediction	False	prediction	0.33803
KPN_B7_PHAGE164_M_PROTEIN_57	KQS_B1_PHAGE068_M_PROTEIN_82	1.61e-06	30.108	45.1	803	227	314	813	78	167	0.1095890410958904	0.11070110701107011	0.1095890410958904	False	KL25	KL127	prediction	prediction	False	other	0.30108
1190_71	YP_009153197_1_K11	1.28e-06	35.484	45.1	695	134	224	702	92	176	0.13093525179856116	0.12108262108262108	0.12108262108262108	False	KL28	KL11	prophage_notproduced	virulent	False	prophage_notproduced	0.35484000000000004
KPN_B7_PHAGE164_M_PROTEIN_57	1343_36	1.95e-06	35.135	44.7	803	224	295	795	60	129	0.0896637608966376	0.0880503144654088	0.0880503144654088	False	KL25	KL64	prediction	prophage_notproduced	False	other	0.35135
YP_009153197_1_K11	1668_49	1.72e-06	28.676	44.7	702	56	187	702	83	210	0.18803418803418803	0.18233618233618235	0.18233618233618235	False	KL11	KL2	virulent	prophage_notproduced	False	prophage_notproduced	0.28675999999999996
QOI68577_1_K23	1231_45	1.01e-06	32.836	44.7	555	20	86	602	85	142	0.12072072072072072	0.09634551495016612	0.09634551495016612	False	KL23	KL169	virulent	prophage_notproduced	False	prophage_notproduced	0.32836
UCR74082_1_K7	YP_009153197_1_K11	3.12e-06	32.639	44.7	1180	371	506	702	40	173	0.1152542372881356	0.1908831908831909	0.1152542372881356	False	KL7	KL11	virulent	virulent	False	virulent-virulent	0.32639
KPN_B11_PHAGE013_M_PROTEIN_11	YP_009153200_1_K35	2.37e-06	22.472	44.7	913	713	889	779	620	770	0.19386637458926614	0.19383825417201542	0.19383825417201542	True	KL3	KL35	prediction	virulent	False	prediction	0.22472
UPW42650_1_K2	BBF66868_1_K56	1.52e-06	34.831	44.7	763	213	299	678	36	123	0.11402359108781127	0.12979351032448377	0.11402359108781127	False	KL2	KL56	virulent	virulent	False	virulent-virulent	0.34831
BBF66867_1_KN3	UCR74083_1_K27	2.2e-06	34.737	44.7	792	197	290	1294	106	195	0.11868686868686869	0.0695517774343122	0.0695517774343122	False	KN3	KL27	virulent	virulent	False	virulent-virulent	0.34737
1409_59	1343_36	2.19e-06	35.135	44.7	852	225	296	795	60	129	0.08450704225352113	0.0880503144654088	0.08450704225352113	False	KL23	KL64	prophage	prophage_notproduced	False	prophage_notproduced	0.35135
UVD31996_1_K20	876_57	2.48e-06	35.616	44.3	790	93	160	850	139	211	0.08607594936708861	0.08588235294117647	0.08588235294117647	False	KL20	KL28	virulent	prophage_notproduced	False	prophage_notproduced	0.35616
1409_59	434_33	2.78e-06	37.5	44.3	852	225	300	859	60	135	0.0892018779342723	0.08847497089639116	0.08847497089639116	False	KL23	KL52	prophage	prophage	False	prophage-prophage	0.375
1723_59	UVD31996_1_K20	3.04e-06	35.616	44.3	951	139	211	790	93	160	0.07676130389064142	0.08607594936708861	0.07676130389064142	False	KL60	KL20	prophage	virulent	False	prophage-virulent	0.35616
ALT58497_1_K47	YP_009153203_1_K30/K69	2.49e-06	36.066	44.3	793	267	327	767	245	300	0.07692307692307693	0.07301173402868318	0.07301173402868318	False	KL47	KL30/K69	virulent	virulent	False	virulent-virulent	0.36066000000000004
391_03	YP_009226011_1_K63	2.45e-06	33.333	44.3	736	147	243	883	176	270	0.13179347826086957	0.10758776896942242	0.10758776896942242	False	KL3	KL63	prophage	virulent	False	prophage-virulent	0.33332999999999996
1538_54	KVV_B3_PHAGE102_M_PROTEIN_79	2.55e-06	33.803	44.3	900	300	370	652	1	65	0.07888888888888888	0.09969325153374232	0.07888888888888888	False	KL140	KL60	prophage_notproduced	prediction	False	other	0.33803
KPN_B6_PHAGE307_M_PROTEIN_10	UPW42650_1_K2	3.3e-06	33.645	43.9	736	155	261	763	198	302	0.1453804347826087	0.13761467889908258	0.13761467889908258	False	KL3	KL2	prediction	virulent	False	prediction	0.33645
1406_54	1850_66	2.83e-06	52.083	43.9	695	1	48	984	1	47	0.06906474820143885	0.047764227642276426	0.047764227642276426	False	KL28	KL36	prophage_notproduced	prophage_notproduced	False	other	0.52083
ATI16495_1_K57	706_38	2.92e-06	34.783	43.9	721	90	173	741	66	153	0.11650485436893204	0.11875843454790823	0.11650485436893204	False	KL57	KL2	virulent	prophage_notproduced	False	prophage_notproduced	0.34783000000000003
1724_71	1406_54	3.02e-06	28.07	43.9	843	108	217	695	62	174	0.13048635824436536	0.16258992805755396	0.13048635824436536	False	KL60	KL28	prophage	prophage_notproduced	False	prophage_notproduced	0.2807
1850_66	1190_71	4.11e-06	52.083	43.9	984	1	47	695	1	48	0.047764227642276426	0.06906474820143885	0.047764227642276426	False	KL36	KL28	prophage_notproduced	prophage_notproduced	False	other	0.52083
434_33	YP_003347555_1_K3	3.52e-06	31.313	43.9	859	705	802	869	740	835	0.1140861466821886	0.11047180667433831	0.11047180667433831	False	KL52	KL3	prophage	virulent	False	prophage-virulent	0.31312999999999996
914_74	REC_009_PROTEIN_7_KL19	3.53e-06	29.808	43.5	666	58	159	763	148	233	0.15315315315315314	0.1127129750982962	0.1127129750982962	False	KL62	KL19	prophage	virulent	False	prophage-virulent	0.29808
BBF66867_1_KN3	QIW88225_1_K23	3.55e-06	24.291	43.5	792	267	492	607	54	285	0.28535353535353536	0.38220757825370677	0.28535353535353536	False	KN3	KL23	virulent	virulent	False	virulent-virulent	0.24291000000000001
QDF14644_1_K47	YP_009153203_1_K30/K69	3.72e-06	36.066	43.5	793	267	327	767	245	300	0.07692307692307693	0.07301173402868318	0.07301173402868318	False	KL47	KL30/K69	virulent	virulent	False	virulent-virulent	0.36066000000000004
KVV_B2_PHAGE059_M_PROTEIN_71	453_72	5.44e-06	42.857	43.5	929	1	56	762	1	55	0.060279870828848225	0.07217847769028872	0.060279870828848225	False	KL10	KL14	prediction	prophage_notproduced	False	other	0.42857
1409_59	914_74	4.96e-06	31.765	43.5	852	228	307	666	78	159	0.09389671361502347	0.12312312312312312	0.09389671361502347	False	KL23	KL62	prophage	prophage	False	prophage-prophage	0.31765
YP_009797016_1_K64	1251_37	6.22e-06	24.39	43.5	1017	138	260	677	29	135	0.12094395280235988	0.15805022156573117	0.12094395280235988	False	KL64	KL28	virulent	prophage	False	prophage-virulent	0.2439
391_03	UPW42650_1_K2	4.22e-06	32.71	43.5	736	155	261	763	198	302	0.1453804347826087	0.13761467889908258	0.13761467889908258	False	KL3	KL2	prophage	virulent	False	prophage-virulent	0.3271
453_72	1630_70	4.24e-06	42.857	43.5	762	1	55	929	1	56	0.07217847769028872	0.060279870828848225	0.060279870828848225	False	KL14	KL10	prophage_notproduced	prophage_inactive	False	other	0.42857
1815_56	YP_009153200_1_K35	6.9e-06	23.75	43.1	937	774	915	779	573	732	0.15154749199573106	0.20539152759948653	0.15154749199573106	True	KL4	KL35	prophage_notproduced	virulent	False	prophage_notproduced	0.2375
KPN_B7_PHAGE164_M_PROTEIN_57	1248_57	6.22e-06	30.952	43.1	803	227	305	704	78	158	0.09838107098381071	0.11505681818181818	0.09838107098381071	False	KL25	KL23	prediction	prophage	False	prediction	0.30952
BBF66868_1_K56	YP_009226011_1_K63	4.91e-06	41.379	43.1	678	36	93	883	199	256	0.0855457227138643	0.06568516421291053	0.06568516421291053	False	KL56	KL63	virulent	virulent	False	virulent-virulent	0.41379
KPN_B7_PHAGE164_M_PROTEIN_57	1441_47	6.11e-06	30.952	43.1	803	227	305	704	78	158	0.09838107098381071	0.11505681818181818	0.09838107098381071	False	KL25	KL23	prediction	prophage	False	prediction	0.30952
YP_009153196_1_K21	YP_009153195_1_KN4	4.31e-06	34.066	43.1	651	1	86	736	1	88	0.13210445468509985	0.11956521739130435	0.11956521739130435	False	KL21	KN4	virulent	virulent	False	virulent-virulent	0.34066
1251_37	QOV05454_1_K64	4.83e-06	32.877	43.1	677	65	135	1017	188	260	0.10487444608567208	0.07177974434611603	0.07177974434611603	False	KL28	KL64	prophage	virulent	False	prophage-virulent	0.32877
APZ82804_1_K30/K69	QOI68577_1_K23	5.04e-06	37.143	43.1	792	253	322	555	1	56	0.08838383838383838	0.1009009009009009	0.08838383838383838	False	KL30/K69	KL23	virulent	virulent	False	virulent-virulent	0.37143
1850_66	1921_77	6.53e-06	50.0	43.1	984	1	47	701	1	48	0.047764227642276426	0.06847360912981455	0.047764227642276426	False	KL36	KL9	prophage_notproduced	prophage_notproduced	False	other	0.5
1850_66	1664_74	7.63e-06	46.552	43.1	984	1	57	777	1	58	0.057926829268292686	0.07464607464607464	0.057926829268292686	False	KL36	KL12	prophage_notproduced	prophage_notproduced	False	other	0.46552
434_33	UCR74082_1_K7	6.36e-06	22.449	43.1	859	697	854	1180	985	1180	0.1839348079161816	0.16610169491525423	0.16610169491525423	True	KL52	KL7	prophage	virulent	False	prophage-virulent	0.22449000000000002
1441_47	1724_71	5.61e-06	37.736	43.1	704	1	53	843	1	52	0.07528409090909091	0.06168446026097272	0.06168446026097272	False	KL23	KL60	prophage	prophage	False	prophage-prophage	0.37736
KPN_B20_PHAGE026_M_PROTEIN_2	1190_71	5.9e-06	53.488	43.1	762	6	47	695	6	48	0.05511811023622047	0.0618705035971223	0.05511811023622047	False	KL14	KL28	prediction	prophage_notproduced	False	other	0.53488
1724_71	1248_57	6.89e-06	37.736	42.7	843	1	52	704	1	53	0.06168446026097272	0.07528409090909091	0.06168446026097272	False	KL60	KL23	prophage	prophage	False	prophage-prophage	0.37736
1409_62	1664_74	3.98e-06	34.343	42.7	550	1	94	777	148	245	0.1709090909090909	0.12612612612612611	0.12612612612612611	False	KL28	KL12	prophage_notproduced	prophage_notproduced	False	other	0.34343
KPN_B14_PHAGE090_M_PROTEIN_50	UVD31996_1_K20	8e-06	37.5	42.7	803	136	215	790	93	167	0.099626400996264	0.0949367088607595	0.0949367088607595	False	KL24	KL20	prediction	virulent	False	prediction	0.375
914_74	1724_71	5.68e-06	37.736	42.7	666	1	53	843	1	52	0.07957957957957958	0.06168446026097272	0.06168446026097272	False	KL62	KL60	prophage	prophage	False	prophage-prophage	0.37736
KPN_B20_PHAGE026_M_PROTEIN_2	1406_54	6.05e-06	53.488	42.7	762	6	47	695	6	48	0.05511811023622047	0.0618705035971223	0.05511811023622047	False	KL14	KL28	prediction	prophage_notproduced	False	other	0.53488
1248_60	1664_74	4.01e-06	34.343	42.7	546	1	94	777	148	245	0.17216117216117216	0.12612612612612611	0.12612612612612611	False	KL28	KL12	prophage_notproduced	prophage_notproduced	False	other	0.34343
1724_71	KQS_B1_PHAGE068_M_PROTEIN_82	8.41e-06	37.736	42.7	843	1	52	813	1	53	0.06168446026097272	0.06519065190651907	0.06168446026097272	False	KL60	KL127	prophage	prediction	False	prediction	0.37736
KPN_B7_PHAGE164_M_PROTEIN_57	1921_77	6.88e-06	30.952	42.7	803	227	305	701	75	155	0.09838107098381071	0.11554921540656206	0.09838107098381071	False	KL25	KL9	prediction	prophage_notproduced	False	other	0.30952
YP_009153199_1_K25	YP_009153197_1_K11	4.4e-06	31.461	42.7	584	6	94	702	7	91	0.1523972602739726	0.12108262108262108	0.12108262108262108	False	KL25	KL11	virulent	virulent	False	virulent-virulent	0.31461
1723_62	1251_37	4.89e-06	31.707	42.7	629	1	79	677	134	213	0.12559618441971382	0.11816838995568685	0.11816838995568685	False	KL60	KL28	prophage_notproduced	prophage	False	prophage_notproduced	0.31707
184_43	KQS_B1_PHAGE068_M_PROTEIN_82	5.47e-06	36.667	42.7	639	94	148	813	108	167	0.08607198748043818	0.07380073800738007	0.07380073800738007	False	KL111	KL127	prophage	prediction	False	prediction	0.36667
YP_009153199_1_K25	YP_009153196_1_K21	6.96e-06	26.389	42.4	584	6	202	651	7	195	0.3373287671232877	0.2903225806451613	0.2903225806451613	False	KL25	KL21	virulent	virulent	False	virulent-virulent	0.26389
1664_74	453_72	1.03e-05	44.828	42.4	777	1	58	762	1	57	0.07464607464607464	0.07480314960629922	0.07464607464607464	False	KL12	KL14	prophage_notproduced	prophage_notproduced	False	other	0.44828
YP_009098385_1_K1	WNO47121_1_K5	7.4e-06	26.471	42.4	651	234	418	857	377	575	0.28417818740399386	0.2322053675612602	0.2322053675612602	False	KL1	KL5	virulent	virulent	False	virulent-virulent	0.26471
REC_005_PROTEIN_56_KL1	WNO47121_1_K5	8.06e-06	28.387	42.4	651	281	418	857	423	575	0.2119815668202765	0.17852975495915985	0.17852975495915985	False	KL1	KL5	virulent	virulent	False	virulent-virulent	0.28387
APZ82804_1_K30/K69	APZ82848_1_K5	9.78e-06	45.283	42.4	792	274	321	684	11	63	0.06060606060606061	0.07748538011695906	0.06060606060606061	False	KL30/K69	KL5	virulent	virulent	False	virulent-virulent	0.45283
ALT58497_1_K47	UCR74083_1_K27	9.64e-06	34.066	42.4	793	199	288	1294	108	193	0.11349306431273644	0.06646058732612056	0.06646058732612056	False	KL47	KL27	virulent	virulent	False	virulent-virulent	0.34066
YP_009153197_1_K11	YP_009153196_1_K21	7.73e-06	31.034	42.4	702	1	87	651	1	87	0.12393162393162394	0.1336405529953917	0.12393162393162394	False	KL11	KL21	virulent	virulent	False	virulent-virulent	0.31034
KPN_B4_PHAGE180_M_PROTEIN_15	KPN_B7_PHAGE164_M_PROTEIN_57	8.47e-06	34.286	42.4	707	60	127	803	224	293	0.09618104667609619	0.08717310087173101	0.08717310087173101	False	KL24	KL25	prediction	prediction	False	other	0.34286
QOV05454_1_K64	1343_36	1.2e-05	32.877	42.4	1017	188	260	795	65	135	0.07177974434611603	0.08930817610062892	0.07177974434611603	False	KL64	KL64	virulent	prophage_notproduced	True	prophage_notproduced	0.32877
YP_009797016_1_K64	1343_36	1.18e-05	32.877	42.4	1017	188	260	795	65	135	0.07177974434611603	0.08930817610062892	0.07177974434611603	False	KL64	KL64	virulent	prophage_notproduced	True	prophage_notproduced	0.32877
KPN_B20_PHAGE026_M_PROTEIN_2	1921_77	1.02e-05	51.163	42.4	762	6	47	701	6	48	0.05511811023622047	0.06134094151212553	0.05511811023622047	False	KL14	KL9	prediction	prophage_notproduced	False	other	0.5116299999999999
1409_59	KPN_B4_PHAGE180_M_PROTEIN_15	1e-05	35.294	42.4	852	225	292	707	60	125	0.07981220657276995	0.09335219236209336	0.07981220657276995	False	KL23	KL24	prophage	prediction	False	prediction	0.35294
319_37	YP_009797016_1_K64	1.15e-05	35.938	42.4	794	65	126	1017	188	251	0.07808564231738035	0.06293018682399214	0.06293018682399214	False	KL127	KL64	prophage	virulent	False	prophage-virulent	0.35938000000000003
YP_009153203_1_K30/K69	QOV05454_1_K64	1.35e-05	39.062	42.0	767	11	72	1017	178	238	0.08083441981747067	0.0599803343166175	0.0599803343166175	False	KL30/K69	KL64	virulent	virulent	False	virulent-virulent	0.39061999999999997
YP_009153203_1_K30/K69	YP_009797016_1_K64	1.36e-05	39.062	42.0	767	11	72	1017	178	238	0.08083441981747067	0.0599803343166175	0.0599803343166175	False	KL30/K69	KL64	virulent	virulent	False	virulent-virulent	0.39061999999999997
ATI16495_1_K57	1723_59	1.34e-05	32.099	42.0	721	83	158	951	224	302	0.10540915395284327	0.08307045215562565	0.08307045215562565	False	KL57	KL60	virulent	prophage	False	prophage-virulent	0.32098999999999994
1849_60	1248_57	1.84e-05	39.623	42.0	1007	1	52	704	1	53	0.05163853028798411	0.07528409090909091	0.05163853028798411	False	KL36	KL23	prophage_notproduced	prophage	False	prophage_notproduced	0.39622999999999997
738_68	914_74	1.1e-05	25.967	42.0	742	5	181	666	4	169	0.238544474393531	0.24924924924924924	0.238544474393531	False	KL143	KL62	prophage	prophage	False	prophage-prophage	0.25967
914_74	1849_60	1.17e-05	44.0	42.0	666	1	43	1007	1	50	0.06456456456456457	0.04965243296921549	0.04965243296921549	False	KL62	KL36	prophage	prophage_notproduced	False	prophage_notproduced	0.44
321_71	1724_71	9.68e-06	37.736	42.0	690	1	53	843	1	52	0.07681159420289856	0.06168446026097272	0.06168446026097272	False	KL127	KL60	prophage_notproduced	prophage	False	prophage_notproduced	0.37736
YP_009153200_1_K35	YP_009153199_1_K25	1.28e-05	22.066	42.0	779	5	211	584	4	174	0.26572528883183566	0.2928082191780822	0.26572528883183566	False	KL35	KL25	virulent	virulent	False	virulent-virulent	0.22066
1849_60	1441_47	1.84e-05	39.623	42.0	1007	1	52	704	1	53	0.05163853028798411	0.07528409090909091	0.05163853028798411	False	KL36	KL23	prophage_notproduced	prophage	False	prophage_notproduced	0.39622999999999997
319_37	QOV05454_1_K64	1.19e-05	35.938	42.0	794	65	126	1017	188	251	0.07808564231738035	0.06293018682399214	0.06293018682399214	False	KL127	KL64	prophage	virulent	False	prophage-virulent	0.35938000000000003
1849_60	KQS_B1_PHAGE068_M_PROTEIN_82	1.92e-05	39.623	42.0	1007	1	52	813	1	53	0.05163853028798411	0.06519065190651907	0.05163853028798411	False	KL36	KL127	prophage_notproduced	prediction	False	other	0.39622999999999997
REC_028_PROTEIN_295_KL51	ATI16495_1_K57	1.63e-05	52.632	41.6	809	94	131	721	147	184	0.04697156983930779	0.052704576976421634	0.04697156983930779	False	KL51	KL57	virulent	virulent	False	virulent-virulent	0.52632
QOV05454_1_K64	KVV_B1_PHAGE226_M_PROTEIN_38	2.15e-05	35.938	41.6	1017	188	251	466	65	126	0.06293018682399214	0.13304721030042918	0.06293018682399214	False	KL64	KL127	virulent	prediction	False	prediction	0.35938000000000003
321_71	738_68	1.5e-05	25.328	41.6	690	4	216	742	5	213	0.30869565217391304	0.2816711590296496	0.2816711590296496	False	KL127	KL143	prophage_notproduced	prophage	False	prophage_notproduced	0.25328
321_71	1849_60	1.67e-05	39.623	41.6	690	1	53	1007	1	52	0.07681159420289856	0.05163853028798411	0.05163853028798411	False	KL127	KL36	prophage_notproduced	prophage_notproduced	False	other	0.39622999999999997
ATI16495_1_K57	876_57	1.48e-05	33.333	41.6	721	83	158	850	224	302	0.10540915395284327	0.09294117647058824	0.09294117647058824	False	KL57	KL28	virulent	prophage_notproduced	False	prophage_notproduced	0.33332999999999996
KVV_B1_PHAGE226_M_PROTEIN_38	YP_009797016_1_K64	9.54e-06	35.938	41.6	466	65	126	1017	188	251	0.13304721030042918	0.06293018682399214	0.06293018682399214	False	KL127	KL64	prediction	virulent	False	prediction	0.35938000000000003
QDF14644_1_K47	UCR74083_1_K27	2.07e-05	32.967	41.6	793	199	288	1294	108	193	0.11349306431273644	0.06646058732612056	0.06646058732612056	False	KL47	KL27	virulent	virulent	False	virulent-virulent	0.32966999999999996
ATI16495_1_K57	1538_54	1.72e-05	32.099	41.6	721	83	158	900	224	302	0.10540915395284327	0.08777777777777777	0.08777777777777777	False	KL57	KL140	virulent	prophage_notproduced	False	prophage_notproduced	0.32098999999999994
YP_009302756_1_K1	WNO47121_1_K5	1.24e-05	28.387	41.6	651	281	418	857	423	575	0.2119815668202765	0.17852975495915985	0.17852975495915985	False	KL1	KL5	virulent	virulent	False	virulent-virulent	0.28387
QIW88225_1_K23	QTH79846_1_K57	1.44e-05	35.0	41.2	607	50	122	614	29	107	0.12026359143327842	0.12866449511400652	0.12026359143327842	False	KL23	KL57	virulent	virulent	False	virulent-virulent	0.35
319_37	914_74	2.23e-05	35.294	41.2	794	76	153	666	90	171	0.0982367758186398	0.12312312312312312	0.0982367758186398	False	KL127	KL62	prophage	prophage	False	prophage-prophage	0.35294
UVD31996_1_K20	1538_54	2.32e-05	34.247	41.2	790	93	160	900	139	211	0.08607594936708861	0.0811111111111111	0.0811111111111111	False	KL20	KL140	virulent	prophage_notproduced	False	prophage_notproduced	0.34247
QJI52632_K13/K2	YP_009153197_1_K11	1.25e-05	27.451	41.2	577	18	300	702	110	396	0.4904679376083189	0.40883190883190884	0.40883190883190884	False	KL13/K2	KL11	virulent	virulent	False	virulent-virulent	0.27451000000000003
KPN_B11_PHAGE013_M_PROTEIN_11	UPW42650_1_K2	2.33e-05	28.926	41.2	913	224	344	763	198	304	0.13253012048192772	0.1402359108781127	0.13253012048192772	False	KL3	KL2	prediction	virulent	False	prediction	0.28925999999999996
1344_72	YP_009153197_1_K11	1.78e-05	31.304	41.2	698	140	252	702	95	200	0.16189111747851004	0.150997150997151	0.150997150997151	False	KL64	KL11	prophage_notproduced	virulent	False	prophage_notproduced	0.31304
UPW42650_1_K2	YP_009153201_1_K1	1.92e-05	46.341	41.2	763	242	282	888	292	331	0.053735255570117955	0.04504504504504504	0.04504504504504504	False	KL2	KL1	virulent	virulent	False	virulent-virulent	0.46341
YP_009153201_1_K1	YP_009226011_1_K63	2.95e-05	35.714	41.2	888	289	369	883	225	296	0.09121621621621621	0.08154020385050963	0.08154020385050963	False	KL1	KL63	virulent	virulent	False	virulent-virulent	0.35714
BBF66888_1_KN4	YP_009226011_1_K63	2.78e-05	28.0	41.2	850	189	287	883	171	269	0.11647058823529412	0.11211778029445074	0.11211778029445074	False	KN4	KL63	virulent	virulent	False	virulent-virulent	0.28
YP_009153197_1_K11	KPN_B13_PHAGE067_M_PROTEIN_74	2.22e-05	33.708	40.8	702	95	176	698	140	227	0.1168091168091168	0.12607449856733524	0.1168091168091168	False	KL11	KL28	virulent	prediction	False	prediction	0.33708
KPN_B20_PHAGE026_M_PROTEIN_2	1664_74	2.9e-05	44.828	40.8	762	1	57	777	1	58	0.07480314960629922	0.07464607464607464	0.07464607464607464	False	KL14	KL12	prediction	prophage_notproduced	False	other	0.44828
UCR74083_1_K27	AOZ65519_1_K57	4.8e-05	31.0	40.8	1294	106	200	843	197	295	0.07341576506955177	0.11743772241992882	0.07341576506955177	False	KL27	KL57	virulent	virulent	False	virulent-virulent	0.31
UCR74083_1_K27	1815_56	4.91e-05	26.966	40.8	1294	1023	1193	937	755	903	0.1321483771251932	0.15901814300960512	0.1321483771251932	False	KL27	KL4	virulent	prophage_notproduced	False	prophage_notproduced	0.26966
KPN_B4_PHAGE180_M_PROTEIN_15	1723_62	2.6e-05	27.612	40.8	707	134	255	629	1	132	0.17256011315417255	0.20985691573926868	0.17256011315417255	False	KL24	KL60	prediction	prophage_notproduced	False	other	0.27612
QTH79846_1_K57	KPN_B20_PHAGE487_M_PROTEIN_8	2.24e-05	50.0	40.8	614	5	43	880	181	220	0.06351791530944625	0.045454545454545456	0.045454545454545456	False	KL57	KL64	virulent	prediction	False	prediction	0.5
YP_003347555_1_K3	QIW88225_1_K23	2.84e-05	36.986	40.8	869	261	333	607	48	108	0.08400460299194476	0.10049423393739704	0.08400460299194476	False	KL3	KL23	virulent	virulent	False	virulent-virulent	0.36985999999999997
ALT58497_1_K47	ATI16495_1_K57	3.15e-05	40.385	40.8	793	267	318	721	148	194	0.06557377049180328	0.0651872399445215	0.0651872399445215	False	KL47	KL57	virulent	virulent	False	virulent-virulent	0.40385
QTH79846_1_K57	1091_44	2.22e-05	50.0	40.8	614	5	43	880	181	220	0.06351791530944625	0.045454545454545456	0.045454545454545456	False	KL57	KL64	virulent	prophage	False	prophage-virulent	0.5
ATI16495_1_K57	YP_009153202_1_K64	2.87e-05	38.0	40.8	721	137	186	996	225	274	0.06934812760055478	0.050200803212851405	0.050200803212851405	False	KL57	KL64	virulent	virulent	False	virulent-virulent	0.38
1850_66	454_56	5.07e-05	29.907	40.4	984	63	165	826	125	223	0.10467479674796748	0.1198547215496368	0.10467479674796748	False	KL36	KL14	prophage_notproduced	prophage_notproduced	False	other	0.29907
UVD31996_1_K20	KPN_B7_PHAGE164_M_PROTEIN_57	3.59e-05	34.247	40.4	790	93	160	803	138	210	0.08607594936708861	0.09090909090909091	0.08607594936708861	False	KL20	KL25	virulent	prediction	False	prediction	0.34247
KVV_B1_PHAGE226_M_PROTEIN_38	914_74	1.68e-05	35.294	40.4	466	76	153	666	90	171	0.16738197424892703	0.12312312312312312	0.12312312312312312	False	KL127	KL62	prediction	prophage	False	prediction	0.35294
QOV05454_1_K64	KPN_B4_PHAGE180_M_PROTEIN_15	4.79e-05	37.838	40.4	1017	188	260	707	65	135	0.07177974434611603	0.10042432814710042	0.07177974434611603	False	KL64	KL24	virulent	prediction	False	prediction	0.37838
YP_009797016_1_K64	KPN_B4_PHAGE180_M_PROTEIN_15	4.91e-05	37.838	40.4	1017	188	260	707	65	135	0.07177974434611603	0.10042432814710042	0.07177974434611603	False	KL64	KL24	virulent	prediction	False	prediction	0.37838
QIW88225_1_K23	1231_45	2.34e-05	46.667	40.4	607	64	107	602	79	123	0.07248764415156507	0.07475083056478406	0.07248764415156507	False	KL23	KL169	virulent	prophage_notproduced	False	prophage_notproduced	0.46667000000000003
KPN_B13_PHAGE067_M_PROTEIN_74	1343_36	3.46e-05	29.87	40.4	698	140	205	795	121	197	0.09455587392550144	0.09685534591194969	0.09455587392550144	False	KL28	KL64	prediction	prophage_notproduced	False	other	0.2987
BBF66888_1_KN4	391_03	4.48e-05	38.961	40.4	850	197	268	736	149	225	0.08470588235294117	0.10461956521739131	0.08470588235294117	False	KN4	KL3	virulent	prophage	False	prophage-virulent	0.38961
KPN_B7_PHAGE164_M_PROTEIN_57	914_74	3.65e-05	27.778	40.4	803	227	346	666	78	194	0.149439601494396	0.17567567567567569	0.149439601494396	False	KL25	KL62	prediction	prophage	False	prediction	0.27777999999999997
APZ82768_1_K13/K2	QTP95996_1_K13/K2	2.71e-05	30.178	40.4	577	3	146	907	188	352	0.24956672443674177	0.1819184123484013	0.1819184123484013	False	KL13/K2	KL13/K2	virulent	virulent	True	virulent-virulent	0.30178
ATI16495_1_K57	WNO47121_1_K5	3.82e-05	35.632	40.4	721	148	230	857	184	265	0.11511789181692095	0.09568261376896149	0.09568261376896149	False	KL57	KL5	virulent	virulent	False	virulent-virulent	0.35631999999999997
REC_015_PROTEIN_54_KL2	QTP95996_1_K13/K2	2.75e-05	30.178	40.4	577	3	146	907	188	352	0.24956672443674177	0.1819184123484013	0.1819184123484013	False	KL2	KL13/K2	virulent	virulent	True	virulent-virulent	0.30178
REC_015_PROTEIN_54_KL2	QUU29414_1_K2	2.85e-05	30.178	40.4	577	3	146	907	188	352	0.24956672443674177	0.1819184123484013	0.1819184123484013	False	KL2	KL2	virulent	virulent	True	virulent-virulent	0.30178
REC_015_PROTEIN_54_KL2	UPW42726_1_K2	2.59e-05	30.178	40.4	577	3	146	907	188	352	0.24956672443674177	0.1819184123484013	0.1819184123484013	False	KL2	KL2	virulent	virulent	True	virulent-virulent	0.30178
1343_36	1344_72	5.4e-05	39.535	40.0	795	121	163	698	140	182	0.05408805031446541	0.06160458452722063	0.05408805031446541	False	KL64	KL64	prophage_notproduced	prophage_notproduced	True	other	0.39535
APZ82768_1_K13/K2	UPW42726_1_K2	3.1e-05	30.178	40.0	577	3	146	907	188	352	0.24956672443674177	0.1819184123484013	0.1819184123484013	False	KL13/K2	KL2	virulent	virulent	True	virulent-virulent	0.30178
APZ82768_1_K13/K2	YP_009820105_1_K2	3.13e-05	30.178	40.0	577	3	146	907	188	352	0.24956672443674177	0.1819184123484013	0.1819184123484013	False	KL13/K2	KL2	virulent	virulent	True	virulent-virulent	0.30178
914_74	184_43	3.42e-05	26.623	40.0	666	81	223	639	66	213	0.2147147147147147	0.23161189358372458	0.2147147147147147	False	KL62	KL111	prophage	prophage	False	prophage-prophage	0.26623
YP_009226011_1_K63	UCR74082_1_K7	6.07e-05	30.075	40.0	883	189	301	1180	432	562	0.12797281993204984	0.11101694915254237	0.11101694915254237	False	KL63	KL7	virulent	virulent	False	virulent-virulent	0.30075
REC_015_PROTEIN_54_KL2	YP_009820105_1_K2	3.08e-05	30.178	40.0	577	3	146	907	188	352	0.24956672443674177	0.1819184123484013	0.1819184123484013	False	KL2	KL2	virulent	virulent	True	virulent-virulent	0.30178
KQS_B1_PHAGE068_M_PROTEIN_82	738_68	5.13e-05	23.656	40.0	813	4	266	742	5	267	0.3234932349323493	0.35444743935309975	0.3234932349323493	False	KL127	KL143	prediction	prophage	False	prediction	0.23656
QJI52632_K13/K2	QTP95996_1_K13/K2	3.59e-05	30.178	40.0	577	3	146	907	188	352	0.24956672443674177	0.1819184123484013	0.1819184123484013	False	KL13/K2	KL13/K2	virulent	virulent	True	virulent-virulent	0.30178
QJI52632_K13/K2	QUU29414_1_K2	3.24e-05	30.178	40.0	577	3	146	907	188	352	0.24956672443674177	0.1819184123484013	0.1819184123484013	False	KL13/K2	KL2	virulent	virulent	True	virulent-virulent	0.30178
QJI52632_K13/K2	UPW42726_1_K2	3.65e-05	30.178	40.0	577	3	146	907	188	352	0.24956672443674177	0.1819184123484013	0.1819184123484013	False	KL13/K2	KL2	virulent	virulent	True	virulent-virulent	0.30178
BBF66888_1_KN4	1723_59	6.37e-05	36.486	40.0	850	122	184	951	135	208	0.07411764705882352	0.07781282860147214	0.07411764705882352	False	KN4	KL60	virulent	prophage	False	prophage-virulent	0.36485999999999996
QJI52632_K13/K2	YP_009820105_1_K2	3.71e-05	30.178	40.0	577	3	146	907	188	352	0.24956672443674177	0.1819184123484013	0.1819184123484013	False	KL13/K2	KL2	virulent	virulent	True	virulent-virulent	0.30178
APZ82768_1_K13/K2	QUU29414_1_K2	3.21e-05	30.178	40.0	577	3	146	907	188	352	0.24956672443674177	0.1819184123484013	0.1819184123484013	False	KL13/K2	KL2	virulent	virulent	True	virulent-virulent	0.30178
434_33	KPN_B2_PHAGE139_M_PROTEIN_9	7.02e-05	24.405	39.7	859	666	823	1258	1026	1192	0.1839348079161816	0.1327503974562798	0.1327503974562798	False	KL52	KL38	prophage	prediction	False	prediction	0.24405000000000002
434_33	617_77	7.02e-05	24.405	39.7	859	666	823	1258	1026	1192	0.1839348079161816	0.1327503974562798	0.1327503974562798	False	KL52	KL38	prophage	prophage	False	prophage-prophage	0.24405000000000002
1849_60	617_77	0.000101	34.848	39.7	1007	1	65	1258	1	66	0.06454816285998013	0.05246422893481717	0.05246422893481717	False	KL36	KL38	prophage_notproduced	prophage	False	prophage_notproduced	0.34848
1849_60	KPN_B2_PHAGE139_M_PROTEIN_9	0.000101	34.848	39.7	1007	1	65	1258	1	66	0.06454816285998013	0.05246422893481717	0.05246422893481717	False	KL36	KL38	prophage_notproduced	prediction	False	other	0.34848
KVV_B2_PHAGE059_M_PROTEIN_71	1850_66	8.09e-05	39.286	39.7	929	1	56	984	1	55	0.060279870828848225	0.05589430894308943	0.05589430894308943	False	KL10	KL36	prediction	prophage_notproduced	False	other	0.39286
QDF14644_1_K47	ATI16495_1_K57	6.96e-05	38.462	39.7	793	267	318	721	148	194	0.06557377049180328	0.0651872399445215	0.0651872399445215	False	KL47	KL57	virulent	virulent	False	virulent-virulent	0.38462
1630_70	1850_66	8.09e-05	39.286	39.7	929	1	56	984	1	55	0.060279870828848225	0.05589430894308943	0.05589430894308943	False	KL10	KL36	prophage_inactive	prophage_notproduced	False	other	0.39286
391_03	1723_62	5.53e-05	29.592	39.7	736	164	254	629	1	96	0.12364130434782608	0.15262321144674085	0.12364130434782608	False	KL3	KL60	prophage	prophage_notproduced	False	prophage_notproduced	0.29591999999999996
KPN_B8_PHAGE124_M_PROTEIN_72	REC_009_PROTEIN_7_KL19	4.77e-05	35.135	39.7	634	67	134	763	160	232	0.10725552050473186	0.09567496723460026	0.09567496723460026	False	KL111	KL19	prediction	virulent	False	prediction	0.35135
APZ82768_1_K13/K2	YP_009153197_1_K11	5.78e-05	26.384	39.3	577	18	300	702	110	396	0.4904679376083189	0.40883190883190884	0.40883190883190884	False	KL13/K2	KL11	virulent	virulent	False	virulent-virulent	0.26384
APZ82804_1_K30/K69	1631_52	8.2e-05	34.177	39.3	792	244	322	822	219	290	0.09974747474747475	0.08759124087591241	0.08759124087591241	False	KL30/K69	KL10	virulent	prophage_notproduced	False	prophage_notproduced	0.34177
YP_009153197_1_K11	KPN_B14_PHAGE090_M_PROTEIN_50	7.15e-05	31.111	39.3	702	89	175	803	219	302	0.12393162393162394	0.10460772104607721	0.10460772104607721	False	KL11	KL24	virulent	prediction	False	prediction	0.31111
YP_009153203_1_K30/K69	REC_009_PROTEIN_7_KL19	9.36e-05	35.065	39.3	767	16	91	763	152	225	0.09908735332464146	0.09698558322411534	0.09698558322411534	False	KL30/K69	KL19	virulent	virulent	False	virulent-virulent	0.35064999999999996
BBF66888_1_KN4	KPN_B6_PHAGE307_M_PROTEIN_10	8.49e-05	38.462	39.3	850	197	269	736	149	226	0.08588235294117647	0.10597826086956522	0.08588235294117647	False	KN4	KL3	virulent	prediction	False	prediction	0.38462
KPN_B14_PHAGE090_M_PROTEIN_50	1724_71	7.83e-05	38.298	39.3	803	217	263	843	176	222	0.058530510585305104	0.05575326215895611	0.05575326215895611	False	KL24	KL60	prediction	prophage	False	prediction	0.38298000000000004
876_57	YP_009153197_1_K11	9.79e-05	29.661	39.3	850	285	400	702	92	200	0.13647058823529412	0.15527065527065528	0.13647058823529412	False	KL28	KL11	prophage_notproduced	virulent	False	prophage_notproduced	0.29661000000000004
QOI68577_1_K23	QTH79846_1_K57	4.95e-05	42.857	39.3	555	29	83	614	64	119	0.0990990990990991	0.09120521172638436	0.09120521172638436	False	KL23	KL57	virulent	virulent	False	virulent-virulent	0.42857
REC_015_PROTEIN_54_KL2	YP_009153197_1_K11	5.13e-05	26.384	39.3	577	18	300	702	110	396	0.4904679376083189	0.40883190883190884	0.40883190883190884	False	KL2	KL11	virulent	virulent	False	virulent-virulent	0.26384
184_43	1248_57	9.06e-05	37.255	38.9	639	94	139	704	108	158	0.07198748043818466	0.07244318181818182	0.07198748043818466	False	KL111	KL23	prophage	prophage	False	prophage-prophage	0.37255000000000005
ATI16495_1_K57	738_68	0.000104	32.039	38.9	721	101	195	742	106	206	0.1317614424410541	0.13611859838274934	0.1317614424410541	False	KL57	KL143	virulent	prophage	False	prophage-virulent	0.32039
321_71	1538_54	9.49e-05	30.508	38.9	690	78	190	900	228	336	0.16376811594202897	0.12111111111111111	0.12111111111111111	False	KL127	KL140	prophage_notproduced	prophage_notproduced	False	other	0.30508
1441_47	319_37	0.000101	32.432	38.9	704	90	195	794	76	178	0.15056818181818182	0.1297229219143577	0.1297229219143577	False	KL23	KL127	prophage	prophage	False	prophage-prophage	0.32432
1815_56	YP_003347555_1_K3	0.000152	33.0	38.9	937	819	905	869	739	838	0.09284951974386339	0.11507479861910241	0.09284951974386339	True	KL4	KL3	prophage_notproduced	virulent	False	prophage_notproduced	0.33
1441_47	184_43	0.000106	37.255	38.9	704	108	158	639	94	139	0.07244318181818182	0.07198748043818466	0.07198748043818466	False	KL23	KL111	prophage	prophage	False	prophage-prophage	0.37255000000000005
1538_54	BBF66888_1_KN4	0.000139	36.364	38.9	900	135	211	850	122	186	0.08555555555555555	0.07647058823529412	0.07647058823529412	False	KL140	KN4	prophage_notproduced	virulent	False	prophage_notproduced	0.36363999999999996
1091_44	KPN_B13_PHAGE067_M_PROTEIN_74	0.000135	29.73	38.9	880	209	282	698	143	205	0.08409090909090909	0.09025787965616046	0.08409090909090909	False	KL64	KL28	prophage	prediction	False	prediction	0.2973
1409_59	BBF66888_1_KN4	0.000111	36.364	38.9	852	135	211	850	122	186	0.0903755868544601	0.07647058823529412	0.07647058823529412	False	KL23	KN4	prophage	virulent	False	prophage-virulent	0.36363999999999996
319_37	1921_77	0.000119	32.432	38.9	794	76	178	701	87	192	0.1297229219143577	0.15121255349500715	0.1297229219143577	False	KL127	KL9	prophage	prophage_notproduced	False	prophage_notproduced	0.32432
1406_54	YP_009153197_1_K11	8.34e-05	29.661	38.9	695	134	249	702	92	200	0.1669064748201439	0.15527065527065528	0.15527065527065528	False	KL28	KL11	prophage_notproduced	virulent	False	prophage_notproduced	0.29661000000000004
KPN_B13_PHAGE067_M_PROTEIN_74	KPN_B20_PHAGE487_M_PROTEIN_8	9.42e-05	29.73	38.9	698	143	205	880	209	282	0.09025787965616046	0.08409090909090909	0.08409090909090909	False	KL28	KL64	prediction	prediction	False	other	0.2973
1190_71	KPN_B20_PHAGE487_M_PROTEIN_8	0.000106	31.915	38.9	695	124	212	880	192	277	0.12805755395683452	0.09772727272727273	0.09772727272727273	False	KL28	KL64	prophage_notproduced	prediction	False	other	0.31915
KPN_B11_PHAGE013_M_PROTEIN_11	1343_36	0.000131	33.333	38.9	913	212	262	795	113	163	0.05585980284775466	0.06415094339622641	0.05585980284775466	False	KL3	KL64	prediction	prophage_notproduced	False	other	0.33332999999999996
1190_71	1091_44	0.000106	31.915	38.9	695	124	212	880	192	277	0.12805755395683452	0.09772727272727273	0.09772727272727273	False	KL28	KL64	prophage_notproduced	prophage	False	prophage_notproduced	0.31915
ATI16495_1_K57	1409_59	0.000135	33.333	38.5	721	83	158	852	224	300	0.10540915395284327	0.0903755868544601	0.0903755868544601	False	KL57	KL23	virulent	prophage	False	prophage-virulent	0.33332999999999996
1441_47	248_38	0.000117	24.786	38.5	704	54	167	693	37	148	0.16193181818181818	0.16161616161616163	0.16161616161616163	False	KL23	KL46	prophage	prophage	False	prophage-prophage	0.24786000000000002
1248_57	248_38	0.00012	24.786	38.5	704	54	167	693	37	148	0.16193181818181818	0.16161616161616163	0.16161616161616163	False	KL23	KL46	prophage	prophage	False	prophage-prophage	0.24786000000000002
KPN_B7_PHAGE164_M_PROTEIN_57	BBF66888_1_KN4	0.000147	36.364	38.5	803	134	210	850	122	186	0.0958904109589041	0.07647058823529412	0.07647058823529412	False	KL25	KN4	prediction	virulent	False	prediction	0.36363999999999996
YP_003347555_1_K3	ATI16495_1_K57	0.000185	33.981	38.5	869	267	365	721	148	238	0.11392405063291139	0.1262135922330097	0.11392405063291139	False	KL3	KL57	virulent	virulent	False	virulent-virulent	0.33981
1248_57	319_37	0.000116	32.432	38.5	704	90	195	794	76	178	0.15056818181818182	0.1297229219143577	0.1297229219143577	False	KL23	KL127	prophage	prophage	False	prophage-prophage	0.32432
1668_49	YP_009226011_1_K63	0.000149	28.713	38.5	702	96	195	883	160	257	0.14245014245014245	0.11098527746319366	0.11098527746319366	False	KL2	KL63	prophage_notproduced	virulent	False	prophage_notproduced	0.28713
YP_009153203_1_K30/K69	KPN_B7_PHAGE164_M_PROTEIN_57	0.000163	32.051	38.5	767	19	93	803	228	300	0.09778357235984354	0.09090909090909091	0.09090909090909091	False	KL30/K69	KL25	virulent	prediction	False	prediction	0.32051
KPN_B6_PHAGE307_M_PROTEIN_10	QJI52632_K13/K2	0.000141	30.952	38.5	736	166	249	577	18	98	0.11413043478260869	0.14038128249566725	0.11413043478260869	False	KL3	KL13/K2	prediction	virulent	False	prediction	0.30952
1664_74	KVV_B3_PHAGE102_M_PROTEIN_79	0.00014	29.496	38.5	777	147	280	652	1	121	0.17245817245817247	0.18558282208588958	0.17245817245817247	False	KL12	KL60	prophage_notproduced	prediction	False	other	0.29496
1921_77	184_43	0.000122	37.255	38.5	701	105	155	639	94	139	0.07275320970042796	0.07198748043818466	0.07198748043818466	False	KL9	KL111	prophage_notproduced	prophage	False	prophage_notproduced	0.37255000000000005
321_71	248_38	0.000132	25.472	38.5	690	51	153	693	35	134	0.1492753623188406	0.1443001443001443	0.1443001443001443	False	KL127	KL46	prophage_notproduced	prophage	False	prophage_notproduced	0.25472
248_38	1921_77	0.000138	24.786	38.5	693	37	148	701	51	164	0.16161616161616163	0.16262482168330955	0.16161616161616163	False	KL46	KL9	prophage	prophage_notproduced	False	prophage_notproduced	0.24786000000000002
KQS_B1_PHAGE068_M_PROTEIN_82	248_38	0.000142	24.762	38.5	813	54	155	693	37	136	0.12546125461254612	0.1443001443001443	0.12546125461254612	False	KL127	KL46	prediction	prophage	False	prediction	0.24762
1190_71	UPW42650_1_K2	0.000177	26.126	38.1	695	150	260	763	207	309	0.15971223021582734	0.1349934469200524	0.1349934469200524	False	KL28	KL2	prophage_notproduced	virulent	False	prophage_notproduced	0.26126
1406_54	KPN_B20_PHAGE487_M_PROTEIN_8	0.00016	31.884	38.1	695	124	187	880	192	260	0.0920863309352518	0.07840909090909091	0.07840909090909091	False	KL28	KL64	prophage_notproduced	prediction	False	other	0.31884
YP_003347651_1_K63	QOI68577_1_K23	0.000135	40.351	38.1	630	1	56	555	1	56	0.08888888888888889	0.1009009009009009	0.08888888888888889	False	KL63	KL23	virulent	virulent	False	virulent-virulent	0.40351
321_71	REC_009_PROTEIN_7_KL19	0.000176	30.337	38.1	690	58	144	763	148	218	0.12608695652173912	0.09305373525557012	0.09305373525557012	False	KL127	KL19	prophage_notproduced	virulent	False	prophage_notproduced	0.30337
1441_47	KVV_B1_PHAGE226_M_PROTEIN_38	0.000164	32.432	38.1	704	90	195	466	76	178	0.15056818181818182	0.22103004291845493	0.15056818181818182	False	KL23	KL127	prophage	prediction	False	prediction	0.32432
ATI16495_1_K57	KPN_B7_PHAGE164_M_PROTEIN_57	0.000161	32.877	38.1	721	83	150	803	223	293	0.09431345353675451	0.08841843088418432	0.08841843088418432	False	KL57	KL25	virulent	prediction	False	prediction	0.32877
KVV_B2_PHAGE059_M_PROTEIN_71	KPN_B20_PHAGE026_M_PROTEIN_2	0.000249	37.5	38.1	929	1	56	762	1	55	0.060279870828848225	0.07217847769028872	0.060279870828848225	False	KL10	KL14	prediction	prediction	False	other	0.375
YP_009153203_1_K30/K69	YP_009153195_1_KN4	0.00019	25.359	38.1	767	241	432	736	113	311	0.2503259452411995	0.2703804347826087	0.2503259452411995	False	KL30/K69	KN4	virulent	virulent	False	virulent-virulent	0.25359000000000004
1344_72	1091_44	0.000163	34.615	38.1	698	143	190	880	209	260	0.06876790830945559	0.05909090909090909	0.05909090909090909	False	KL64	KL64	prophage_notproduced	prophage	True	prophage_notproduced	0.34615
1668_49	1091_44	0.000191	37.5	38.1	702	111	158	880	201	248	0.06837606837606838	0.05454545454545454	0.05454545454545454	False	KL2	KL64	prophage_notproduced	prophage	False	prophage_notproduced	0.375
KPN_B20_PHAGE026_M_PROTEIN_2	1630_70	0.000186	37.5	38.1	762	1	55	929	1	56	0.07217847769028872	0.060279870828848225	0.060279870828848225	False	KL14	KL10	prediction	prophage_inactive	False	other	0.375
KPN_B20_PHAGE487_M_PROTEIN_8	1344_72	0.000231	34.615	38.1	880	209	260	698	143	190	0.05909090909090909	0.06876790830945559	0.05909090909090909	False	KL64	KL64	prediction	prophage_notproduced	True	other	0.34615
1248_57	738_68	0.000163	25.0	38.1	704	4	156	742	5	168	0.21732954545454544	0.2210242587601078	0.21732954545454544	False	KL23	KL143	prophage	prophage	False	prophage-prophage	0.25
1190_71	REC_009_PROTEIN_7_KL19	0.000148	30.337	38.1	695	55	141	763	148	218	0.1251798561151079	0.09305373525557012	0.09305373525557012	False	KL28	KL19	prophage_notproduced	virulent	False	prophage_notproduced	0.30337
1406_54	REC_009_PROTEIN_7_KL19	0.000171	30.337	38.1	695	55	141	763	148	218	0.1251798561151079	0.09305373525557012	0.09305373525557012	False	KL28	KL19	prophage_notproduced	virulent	False	prophage_notproduced	0.30337
1668_49	KPN_B20_PHAGE487_M_PROTEIN_8	0.000193	37.5	38.1	702	111	158	880	201	248	0.06837606837606838	0.05454545454545454	0.05454545454545454	False	KL2	KL64	prophage_notproduced	prediction	False	other	0.375
KPN_B6_PHAGE307_M_PROTEIN_10	UCR74082_1_K7	0.000186	25.503	38.1	736	154	283	1180	426	566	0.1766304347826087	0.11949152542372882	0.11949152542372882	False	KL3	KL7	prediction	virulent	False	prediction	0.25503
738_68	1441_47	0.00019	24.405	38.1	742	5	168	704	4	156	0.2210242587601078	0.21732954545454544	0.21732954545454544	False	KL143	KL23	prophage	prophage	False	prophage-prophage	0.24405000000000002
1091_44	1406_54	0.000237	31.884	38.1	880	192	260	695	124	187	0.07840909090909091	0.0920863309352518	0.07840909090909091	False	KL64	KL28	prophage	prophage_notproduced	False	prophage_notproduced	0.31884
YP_009797016_1_K64	WNO47121_1_K5	0.000362	40.0	37.7	1017	240	285	857	174	223	0.04523107177974434	0.058343057176196034	0.04523107177974434	False	KL64	KL5	virulent	virulent	False	virulent-virulent	0.4
1668_49	KPN_B3_PHAGE052_L_PROTEIN_120	0.000218	37.5	37.7	702	4	51	574	3	50	0.06837606837606838	0.08362369337979095	0.06837606837606838	False	KL2	KL25	prophage_notproduced	prediction	False	other	0.375
YP_009820105_1_K2	391_03	0.000335	28.226	37.7	907	183	300	736	147	264	0.13009922822491732	0.16032608695652173	0.13009922822491732	False	KL2	KL3	virulent	prophage	False	prophage-virulent	0.28226
QTP95996_1_K13/K2	KPN_B6_PHAGE307_M_PROTEIN_10	0.000275	28.226	37.7	907	183	300	736	147	264	0.13009922822491732	0.16032608695652173	0.13009922822491732	False	KL13/K2	KL3	virulent	prediction	False	prediction	0.28226
KVV_B1_PHAGE226_M_PROTEIN_38	1921_77	0.000118	32.432	37.7	466	76	178	701	87	192	0.22103004291845493	0.15121255349500715	0.15121255349500715	False	KL127	KL9	prediction	prophage_notproduced	False	other	0.32432
QJI52632_K13/K2	391_03	0.000159	30.952	37.7	577	18	98	736	166	249	0.14038128249566725	0.11413043478260869	0.11413043478260869	False	KL13/K2	KL3	virulent	prophage	False	prophage-virulent	0.30952
QIW88225_1_K23	ALT58497_1_K47	0.000202	37.5	37.7	607	54	104	793	267	322	0.08401976935749589	0.07061790668348046	0.07061790668348046	False	KL23	KL47	virulent	virulent	False	virulent-virulent	0.375
YP_009153197_1_K11	1251_37	0.000209	33.333	37.7	702	92	176	677	118	208	0.12108262108262108	0.1344165435745938	0.12108262108262108	False	KL11	KL28	virulent	prophage	False	prophage-virulent	0.33332999999999996
KPN_B11_PHAGE013_M_PROTEIN_11	1723_62	0.000258	34.247	37.7	913	233	299	629	1	71	0.07338444687842278	0.11287758346581876	0.07338444687842278	False	KL3	KL60	prediction	prophage_notproduced	False	other	0.34247
QOV05454_1_K64	WNO47121_1_K5	0.000365	40.0	37.7	1017	240	285	857	174	223	0.04523107177974434	0.058343057176196034	0.04523107177974434	False	KL64	KL5	virulent	virulent	False	virulent-virulent	0.4
UPW42726_1_K2	KPN_B6_PHAGE307_M_PROTEIN_10	0.00029	28.226	37.7	907	183	300	736	147	264	0.13009922822491732	0.16032608695652173	0.13009922822491732	False	KL2	KL3	virulent	prediction	False	prediction	0.28226
QUU29414_1_K2	391_03	0.000302	28.226	37.7	907	183	300	736	147	264	0.13009922822491732	0.16032608695652173	0.13009922822491732	False	KL2	KL3	virulent	prophage	False	prophage-virulent	0.28226
QUU29414_1_K2	KPN_B6_PHAGE307_M_PROTEIN_10	0.000268	28.226	37.7	907	183	300	736	147	264	0.13009922822491732	0.16032608695652173	0.13009922822491732	False	KL2	KL3	virulent	prediction	False	prediction	0.28226
914_74	248_38	0.000224	24.762	37.7	666	51	152	693	35	133	0.15315315315315314	0.14285714285714285	0.14285714285714285	False	KL62	KL46	prophage	prophage	False	prophage-prophage	0.24762
KVV_B1_PHAGE226_M_PROTEIN_38	1248_57	0.000116	32.432	37.7	466	76	178	704	90	195	0.22103004291845493	0.15056818181818182	0.15056818181818182	False	KL127	KL23	prediction	prophage	False	prediction	0.32432
321_71	319_37	0.000233	33.333	37.7	690	90	162	794	76	143	0.10579710144927536	0.08564231738035265	0.08564231738035265	False	KL127	KL127	prophage_notproduced	prophage	True	prophage_notproduced	0.33332999999999996
YP_009820105_1_K2	KPN_B6_PHAGE307_M_PROTEIN_10	0.00029	28.226	37.7	907	183	300	736	147	264	0.13009922822491732	0.16032608695652173	0.13009922822491732	False	KL2	KL3	virulent	prediction	False	prediction	0.28226
1406_54	617_77	0.000274	28.346	37.4	695	7	99	1258	10	136	0.13381294964028778	0.10095389507154214	0.10095389507154214	False	KL28	KL38	prophage_notproduced	prophage	False	prophage_notproduced	0.28346
KPN_B11_PHAGE013_M_PROTEIN_11	1664_74	0.000362	30.952	37.4	913	212	286	777	125	208	0.08214676889375684	0.10810810810810811	0.08214676889375684	False	KL3	KL12	prediction	prophage_notproduced	False	other	0.30952
BBF66867_1_KN3	REC_028_PROTEIN_295_KL51	0.000357	30.986	37.4	792	267	337	809	95	160	0.08964646464646464	0.0815822002472188	0.0815822002472188	False	KN3	KL51	virulent	virulent	False	virulent-virulent	0.30986
QDF14644_1_K47	1231_45	0.000348	45.714	37.4	793	295	329	602	93	127	0.044136191677175286	0.05813953488372093	0.044136191677175286	False	KL47	KL169	virulent	prophage_notproduced	False	prophage_notproduced	0.45714
1664_74	UCR74082_1_K7	0.000354	30.233	37.4	777	138	257	1180	426	545	0.15444015444015444	0.1016949152542373	0.1016949152542373	False	KL12	KL7	prophage_notproduced	virulent	False	prophage_notproduced	0.30233
1231_45	ALT58497_1_K47	0.000269	45.714	37.4	602	93	127	793	295	329	0.05813953488372093	0.044136191677175286	0.044136191677175286	False	KL169	KL47	prophage_notproduced	virulent	False	prophage_notproduced	0.45714
1668_49	1057_41	0.000259	42.857	37.4	702	10	51	578	12	53	0.05982905982905983	0.0726643598615917	0.05982905982905983	False	KL2	KL25	prophage_notproduced	prophage_notproduced	False	other	0.42857
QTP95996_1_K13/K2	391_03	0.000349	28.226	37.4	907	183	300	736	147	264	0.13009922822491732	0.16032608695652173	0.13009922822491732	False	KL13/K2	KL3	virulent	prophage	False	prophage-virulent	0.28226
KPN_B6_PHAGE307_M_PROTEIN_10	1091_44	0.000312	33.333	37.4	736	149	227	880	204	280	0.10733695652173914	0.0875	0.0875	False	KL3	KL64	prediction	prophage	False	prediction	0.33332999999999996
KPN_B6_PHAGE307_M_PROTEIN_10	KPN_B20_PHAGE487_M_PROTEIN_8	0.000329	33.333	37.4	736	149	227	880	204	280	0.10733695652173914	0.0875	0.0875	False	KL3	KL64	prediction	prediction	False	other	0.33332999999999996
1248_57	876_57	0.000331	31.081	37.4	704	78	148	850	228	296	0.10085227272727272	0.0811764705882353	0.0811764705882353	False	KL23	KL28	prophage	prophage_notproduced	False	prophage_notproduced	0.31081
391_03	UPW42726_1_K2	0.000314	28.226	37.4	736	147	264	907	183	300	0.16032608695652173	0.13009922822491732	0.13009922822491732	False	KL3	KL2	prophage	virulent	False	prophage-virulent	0.28226
ALT58497_1_K47	BAN78446_1_KN2	0.000408	30.769	37.4	793	199	288	1245	108	193	0.11349306431273644	0.06907630522088354	0.06907630522088354	False	KL47	KN2	virulent	virulent	False	virulent-virulent	0.30768999999999996
321_71	1409_59	0.000259	30.769	37.4	690	78	152	852	228	300	0.10869565217391304	0.08568075117370892	0.08568075117370892	False	KL127	KL23	prophage_notproduced	prophage	False	prophage_notproduced	0.30768999999999996
UCR74082_1_K7	APZ82847_1_K8	0.000512	36.364	37.4	1180	247	331	749	170	254	0.07203389830508475	0.11348464619492657	0.07203389830508475	False	KL7	KL8	virulent	virulent	False	virulent-virulent	0.36363999999999996
ATS92567_1_K2	KPN_B7_PHAGE164_M_PROTEIN_57	0.000305	30.137	37.4	668	83	150	803	223	293	0.10179640718562874	0.08841843088418432	0.08841843088418432	False	KL2	KL25	virulent	prediction	False	prediction	0.30137
UCR74083_1_K27	APZ82847_1_K8	0.000639	35.714	37.4	1294	106	212	749	197	301	0.08268933539412673	0.14018691588785046	0.08268933539412673	False	KL27	KL8	virulent	virulent	False	virulent-virulent	0.35714
1406_54	KPN_B2_PHAGE139_M_PROTEIN_9	0.000274	28.346	37.4	695	7	99	1258	10	136	0.13381294964028778	0.10095389507154214	0.10095389507154214	False	KL28	KL38	prophage_notproduced	prediction	False	other	0.28346
KPN_B13_PHAGE067_M_PROTEIN_74	UPW42650_1_K2	0.000273	30.476	37.4	698	153	257	763	207	299	0.1504297994269341	0.1218872870249017	0.1218872870249017	False	KL28	KL2	prediction	virulent	False	prediction	0.30476
KPN_B11_PHAGE329_M_PROTEIN_7	YP_009153203_1_K30/K69	0.000695	34.694	37.0	1050	290	338	767	249	297	0.04666666666666667	0.06388526727509779	0.04666666666666667	False	KL64	KL30/K69	prediction	virulent	False	prediction	0.34694
876_57	1441_47	0.000414	31.081	37.0	850	228	296	704	78	148	0.0811764705882353	0.10085227272727272	0.0811764705882353	False	KL28	KL23	prophage_notproduced	prophage	False	prophage_notproduced	0.31081
321_71	KVV_B1_PHAGE226_M_PROTEIN_38	0.000283	33.333	37.0	690	90	162	466	76	143	0.10579710144927536	0.1459227467811159	0.10579710144927536	False	KL127	KL127	prophage_notproduced	prediction	True	other	0.33332999999999996
ALT58497_1_K47	QOI68577_1_K23	0.000451	31.579	37.0	793	253	328	555	1	59	0.09583858764186633	0.1063063063063063	0.09583858764186633	False	KL47	KL23	virulent	virulent	False	virulent-virulent	0.31579
1190_71	617_77	0.000369	28.346	37.0	695	7	99	1258	10	136	0.13381294964028778	0.10095389507154214	0.10095389507154214	False	KL28	KL38	prophage_notproduced	prophage	False	prophage_notproduced	0.28346
YP_009153201_1_K1	APZ82848_1_K5	0.000492	40.0	37.0	888	611	649	684	352	396	0.04391891891891892	0.06578947368421052	0.04391891891891892	False	KL1	KL5	virulent	virulent	False	virulent-virulent	0.4
1096_14	WNO47121_1_K5	0.000247	24.752	37.0	499	1	101	857	1	99	0.20240480961923848	0.11551925320886815	0.11551925320886815	False	KL64	KL5	prophage_notproduced	virulent	False	prophage_notproduced	0.24752
876_57	YP_009153203_1_K30/K69	0.000451	32.911	37.0	850	229	302	767	19	93	0.08705882352941176	0.09778357235984354	0.08705882352941176	False	KL28	KL30/K69	prophage_notproduced	virulent	False	prophage_notproduced	0.32911
KPN_B14_PHAGE090_M_PROTEIN_50	1723_62	0.000428	26.531	37.0	803	234	324	629	1	96	0.1133250311332503	0.15262321144674085	0.1133250311332503	False	KL24	KL60	prediction	prophage_notproduced	False	other	0.26531
1190_71	KPN_B2_PHAGE139_M_PROTEIN_9	0.000369	28.346	37.0	695	7	99	1258	10	136	0.13381294964028778	0.10095389507154214	0.10095389507154214	False	KL28	KL38	prophage_notproduced	prediction	False	other	0.28346
KPN_B13_PHAGE002_M_PROTEIN_56	QTH79846_1_K57	0.000477	40.0	37.0	967	197	251	614	5	55	0.05687693898655636	0.08306188925081433	0.05687693898655636	False	KL122	KL57	prediction	virulent	False	prediction	0.4
ATS92567_1_K2	1723_59	0.000375	30.137	37.0	668	83	150	951	224	294	0.10179640718562874	0.07465825446898001	0.07465825446898001	False	KL2	KL60	virulent	prophage	False	prophage-virulent	0.30137
876_57	1921_77	0.000458	31.081	37.0	850	228	296	701	75	145	0.0811764705882353	0.10128388017118402	0.0811764705882353	False	KL28	KL9	prophage_notproduced	prophage_notproduced	False	other	0.31081
ATS92567_1_K2	1409_59	0.000405	30.137	37.0	668	83	150	852	224	294	0.10179640718562874	0.08333333333333333	0.08333333333333333	False	KL2	KL23	virulent	prophage	False	prophage-virulent	0.30137
YP_009153203_1_K30/K69	WNO47121_1_K5	0.000467	40.0	37.0	767	245	294	857	184	232	0.0651890482398957	0.057176196032672114	0.057176196032672114	False	KL30/K69	KL5	virulent	virulent	False	virulent-virulent	0.4
0496_72	QTH79846_1_K57	0.000482	40.0	37.0	968	198	252	614	5	55	0.056818181818181816	0.08306188925081433	0.056818181818181816	False	KL122	KL57	prophage	virulent	False	prophage-virulent	0.4
1631_52	QIW88225_1_K23	0.000455	33.803	37.0	822	222	292	607	37	107	0.08637469586374696	0.11696869851729819	0.08637469586374696	False	KL10	KL23	prophage_notproduced	virulent	False	prophage_notproduced	0.33803
QDF14644_1_K47	QOI68577_1_K23	0.000444	31.579	37.0	793	253	328	555	1	59	0.09583858764186633	0.1063063063063063	0.09583858764186633	False	KL47	KL23	virulent	virulent	False	virulent-virulent	0.31579
BBF66888_1_KN4	0367_12	0.000438	27.358	37.0	850	122	204	851	146	250	0.0976470588235294	0.12338425381903642	0.0976470588235294	False	KN4	KL62	virulent	prophage	False	prophage-virulent	0.27358
BBF66888_1_KN4	0391_11	0.00044	27.358	37.0	850	122	204	839	134	238	0.0976470588235294	0.12514898688915377	0.0976470588235294	False	KN4	KL62	virulent	prophage	False	prophage-virulent	0.27358
BBF66888_1_KN4	KPN_B20_PHAGE048_M_PROTEIN_10	0.000467	27.358	37.0	850	122	204	837	132	236	0.0976470588235294	0.12544802867383512	0.0976470588235294	False	KN4	KL62	virulent	prediction	False	prediction	0.27358
ATS92567_1_K2	876_57	0.000384	30.137	37.0	668	83	150	850	224	294	0.10179640718562874	0.08352941176470588	0.08352941176470588	False	KL2	KL28	virulent	prophage_notproduced	False	prophage_notproduced	0.30137
YP_009226011_1_K63	KPN_B4_PHAGE180_M_PROTEIN_15	0.000723	34.247	36.6	883	188	257	707	129	200	0.07927519818799547	0.10183875530410184	0.07927519818799547	False	KL63	KL24	virulent	prediction	False	prediction	0.34247
APZ82768_1_K13/K2	KPN_B6_PHAGE307_M_PROTEIN_10	0.000412	29.762	36.6	577	18	98	736	166	249	0.14038128249566725	0.11413043478260869	0.11413043478260869	False	KL13/K2	KL3	virulent	prediction	False	prediction	0.29762
ATI16495_1_K57	1231_45	0.000506	34.043	36.6	721	163	252	602	85	175	0.12482662968099861	0.1511627906976744	0.12482662968099861	False	KL57	KL169	virulent	prophage_notproduced	False	prophage_notproduced	0.34043
KPN_B14_PHAGE135_M_PROTEIN_36	QIW88225_1_K23	0.000587	37.097	36.6	870	317	377	607	43	104	0.07011494252873564	0.10214168039538715	0.07011494252873564	False	KL30	KL23	prediction	virulent	False	prediction	0.37097
KPN_B6_PHAGE307_M_PROTEIN_10	REC_015_PROTEIN_54_KL2	0.000513	29.762	36.6	736	166	249	577	18	98	0.11413043478260869	0.14038128249566725	0.11413043478260869	False	KL3	KL2	prediction	virulent	False	prediction	0.29762
1538_54	ATS92567_1_K2	0.000742	32.432	36.6	900	224	295	668	83	151	0.08	0.10329341317365269	0.08	False	KL140	KL2	prophage_notproduced	virulent	False	prophage_notproduced	0.32432
UPW42726_1_K2	YP_009153197_1_K11	0.000738	34.667	36.6	907	196	267	702	104	173	0.07938257993384785	0.09971509971509972	0.07938257993384785	False	KL2	KL11	virulent	virulent	False	virulent-virulent	0.34667000000000003
REC_028_PROTEIN_295_KL51	UCR74082_1_K7	0.000697	30.189	36.6	809	3	105	1180	342	437	0.1273176761433869	0.08135593220338982	0.08135593220338982	False	KL51	KL7	virulent	virulent	False	virulent-virulent	0.30189
706_38	KQS_B1_PHAGE068_M_PROTEIN_82	0.00055	26.136	36.6	741	66	148	813	81	167	0.11201079622132254	0.1070110701107011	0.1070110701107011	False	KL2	KL127	prophage_notproduced	prediction	False	other	0.26136
1921_77	617_77	0.000482	28.346	36.6	701	7	99	1258	10	136	0.1326676176890157	0.10095389507154214	0.10095389507154214	False	KL9	KL38	prophage_notproduced	prophage	False	prophage_notproduced	0.28346
QIW88225_1_K23	QDF14644_1_K47	0.00047	35.714	36.6	607	54	104	793	267	322	0.08401976935749589	0.07061790668348046	0.07061790668348046	False	KL23	KL47	virulent	virulent	False	virulent-virulent	0.35714
1921_77	KPN_B2_PHAGE139_M_PROTEIN_9	0.000482	28.346	36.6	701	7	99	1258	10	136	0.1326676176890157	0.10095389507154214	0.10095389507154214	False	KL9	KL38	prophage_notproduced	prediction	False	other	0.28346
434_33	ATS92567_1_K2	0.000624	29.851	36.6	859	66	182	668	90	218	0.1362048894062864	0.19311377245508982	0.1362048894062864	False	KL52	KL2	prophage	virulent	False	prophage-virulent	0.29851
1723_59	YP_009153203_1_K30/K69	0.001	32.394	36.2	951	229	294	767	19	86	0.0694006309148265	0.08865710560625815	0.0694006309148265	False	KL60	KL30/K69	prophage	virulent	False	prophage-virulent	0.32394
AOZ65519_1_K57	BAN78446_1_KN2	0.001	27.152	36.2	843	197	342	1245	106	246	0.17319098457888493	0.11325301204819277	0.11325301204819277	False	KL57	KN2	virulent	virulent	False	virulent-virulent	0.27152
AOZ65519_1_K57	YP_007007686_1_K54	0.001	31.868	36.2	843	212	291	895	252	341	0.09489916963226572	0.1005586592178771	0.09489916963226572	False	KL57	KL54	virulent	virulent	False	virulent-virulent	0.31867999999999996
APZ82804_1_K30/K69	BAN78446_1_KN2	0.00079	30.0	36.2	792	197	295	1245	106	197	0.125	0.07389558232931727	0.07389558232931727	False	KL30/K69	KN2	virulent	virulent	False	virulent-virulent	0.3
YP_009797016_1_K64	184_43	0.001	25.424	36.2	1017	133	246	639	21	121	0.11209439528023599	0.15805946791862285	0.11209439528023599	False	KL64	KL111	virulent	prophage	False	prophage-virulent	0.25424
1409_59	YP_009153203_1_K30/K69	0.000748	32.394	36.2	852	229	294	767	19	86	0.07746478873239436	0.08865710560625815	0.07746478873239436	False	KL23	KL30/K69	prophage	virulent	False	prophage-virulent	0.32394
1251_37	KQS_B1_PHAGE068_M_PROTEIN_82	0.000693	28.431	36.2	677	63	156	813	78	178	0.13884785819793205	0.12423124231242312	0.12423124231242312	False	KL28	KL127	prophage	prediction	False	prediction	0.28431
666_83	UVD31996_1_K20	0.000762	27.815	36.2	773	137	277	790	93	222	0.18240620957309184	0.16455696202531644	0.16455696202531644	False	KL116	KL20	prophage_notproduced	virulent	False	prophage_notproduced	0.27815
1409_59	1190_71	0.001	31.081	36.2	852	228	296	695	75	145	0.08098591549295775	0.10215827338129496	0.08098591549295775	False	KL23	KL28	prophage	prophage_notproduced	False	prophage_notproduced	0.31081
1406_54	KPN_B7_PHAGE164_M_PROTEIN_57	0.000661	32.927	36.2	695	75	150	803	227	303	0.1093525179856115	0.0958904109589041	0.0958904109589041	False	KL28	KL25	prophage_notproduced	prediction	False	other	0.32927
YP_009820105_1_K2	YP_009153197_1_K11	0.000777	34.667	36.2	907	196	267	702	104	173	0.07938257993384785	0.09971509971509972	0.07938257993384785	False	KL2	KL11	virulent	virulent	False	virulent-virulent	0.34667000000000003
YP_009797016_1_K64	YP_007007686_1_K54	0.001	36.066	36.2	1017	184	239	895	19	78	0.05506391347099312	0.0670391061452514	0.05506391347099312	False	KL64	KL54	virulent	virulent	False	virulent-virulent	0.36066000000000004
QTP95996_1_K13/K2	YP_009153197_1_K11	0.000797	34.667	36.2	907	196	267	702	104	173	0.07938257993384785	0.09971509971509972	0.07938257993384785	False	KL13/K2	KL11	virulent	virulent	False	virulent-virulent	0.34667000000000003
KPN_B14_PHAGE135_M_PROTEIN_36	WNO47121_1_K5	0.001	30.556	36.2	870	306	375	857	160	231	0.08045977011494253	0.08401400233372229	0.08045977011494253	False	KL30	KL5	prediction	virulent	False	prediction	0.30556
1096_14	WOK01638_1_K62	0.000459	24.752	36.2	499	1	101	692	1	99	0.20240480961923848	0.1430635838150289	0.1430635838150289	False	KL64	KL62	prophage_notproduced	virulent	False	prophage_notproduced	0.24752
QUU29414_1_K2	YP_009153197_1_K11	0.000777	34.667	36.2	907	196	267	702	104	173	0.07938257993384785	0.09971509971509972	0.07938257993384785	False	KL2	KL11	virulent	virulent	False	virulent-virulent	0.34667000000000003
QOV05454_1_K64	YP_007007686_1_K54	0.001	34.848	36.2	1017	179	239	895	14	78	0.0599803343166175	0.07262569832402235	0.0599803343166175	False	KL64	KL54	virulent	virulent	False	virulent-virulent	0.34848
QOV05454_1_K64	184_43	0.001	25.424	36.2	1017	133	246	639	21	121	0.11209439528023599	0.15805946791862285	0.11209439528023599	False	KL64	KL111	virulent	prophage	False	prophage-virulent	0.25424
KPN_B7_PHAGE164_M_PROTEIN_57	1190_71	0.000725	32.927	36.2	803	227	303	695	75	150	0.0958904109589041	0.1093525179856115	0.0958904109589041	False	KL25	KL28	prediction	prophage_notproduced	False	other	0.32927
QDF14644_1_K47	BAN78446_1_KN2	0.000883	29.67	36.2	793	199	288	1245	108	193	0.11349306431273644	0.06907630522088354	0.06907630522088354	False	KL47	KN2	virulent	virulent	False	virulent-virulent	0.2967
AOZ65519_1_K57	QIW88225_1_K23	0.001	40.0	35.8	843	267	326	607	54	100	0.0711743772241993	0.07742998352553541	0.0711743772241993	False	KL57	KL23	virulent	virulent	False	virulent-virulent	0.4
YP_009153202_1_K64	1849_60	0.001	33.333	35.8	996	270	326	1007	340	396	0.0572289156626506	0.05660377358490566	0.05660377358490566	False	KL64	KL36	virulent	prophage_notproduced	False	prophage_notproduced	0.33332999999999996
KPN_B7_PHAGE164_M_PROTEIN_57	321_71	0.001	28.395	35.8	803	227	302	690	78	155	0.09464508094645081	0.11304347826086956	0.09464508094645081	False	KL25	KL127	prediction	prophage_notproduced	False	other	0.28395
ATI16495_1_K57	APZ82848_1_K5	0.00078	31.707	35.8	721	144	217	684	1	80	0.10263522884882108	0.11695906432748537	0.10263522884882108	False	KL57	KL5	virulent	virulent	False	virulent-virulent	0.31707
ATI16495_1_K57	248_38	0.00086	28.421	35.8	721	61	150	693	49	127	0.12482662968099861	0.113997113997114	0.113997113997114	False	KL57	KL46	virulent	prophage	False	prophage-virulent	0.28421
434_33	1815_56	0.001	32.857	35.8	859	768	836	937	867	933	0.08032596041909197	0.07150480256136606	0.07150480256136606	True	KL52	KL4	prophage	prophage_notproduced	False	prophage_notproduced	0.32857
1406_54	1409_59	0.000813	31.081	35.8	695	75	145	852	228	296	0.10215827338129496	0.08098591549295775	0.08098591549295775	False	KL28	KL23	prophage_notproduced	prophage	False	prophage_notproduced	0.31081
1850_66	YP_009153202_1_K64	0.001	33.333	35.8	984	315	371	996	270	326	0.057926829268292686	0.0572289156626506	0.0572289156626506	False	KL36	KL64	prophage_notproduced	virulent	False	prophage_notproduced	0.33332999999999996
KQS_B1_PHAGE068_M_PROTEIN_82	1538_54	0.001	29.73	35.8	813	78	148	900	228	296	0.08733087330873308	0.07666666666666666	0.07666666666666666	False	KL127	KL140	prediction	prophage_notproduced	False	other	0.2973
BBF66867_1_KN3	BAN78446_1_KN2	0.001	32.258	35.8	792	197	288	1245	106	193	0.11616161616161616	0.07068273092369477	0.07068273092369477	False	KN3	KN2	virulent	virulent	False	virulent-virulent	0.32258000000000003
APZ82804_1_K30/K69	1231_45	0.001	38.235	35.8	792	294	359	602	93	158	0.08333333333333333	0.10963455149501661	0.08333333333333333	False	KL30/K69	KL169	virulent	prophage_notproduced	False	prophage_notproduced	0.38234999999999997
1921_77	1251_37	0.001	30.556	35.4	701	75	145	677	63	129	0.10128388017118402	0.09896602658788774	0.09896602658788774	False	KL9	KL28	prophage_notproduced	prophage	False	prophage_notproduced	0.30556
1441_47	1251_37	0.001	30.556	35.4	704	78	148	677	63	129	0.10085227272727272	0.09896602658788774	0.09896602658788774	False	KL23	KL28	prophage	prophage	False	prophage-prophage	0.30556
1724_71	KPN_B4_PHAGE180_M_PROTEIN_15	0.001	37.209	35.4	843	180	222	707	121	163	0.051008303677342826	0.06082036775106082	0.051008303677342826	False	KL60	KL24	prophage	prediction	False	prediction	0.37209000000000003
1723_62	REC_015_PROTEIN_54_KL2	0.001	26.415	35.4	629	210	307	577	195	300	0.15580286168521462	0.18370883882149047	0.15580286168521462	False	KL60	KL2	prophage_notproduced	virulent	False	prophage_notproduced	0.26415
REC_028_PROTEIN_295_KL51	AOZ65519_1_K57	0.001	30.645	35.4	809	63	160	843	228	347	0.1211372064276885	0.1423487544483986	0.1211372064276885	False	KL51	KL57	virulent	virulent	False	virulent-virulent	0.30645
1538_54	914_74	0.001	29.73	35.4	900	228	296	666	78	148	0.07666666666666666	0.1066066066066066	0.07666666666666666	False	KL140	KL62	prophage_notproduced	prophage	False	prophage_notproduced	0.2973
QIW88225_1_K23	738_68	0.001	32.812	35.4	607	44	107	742	150	212	0.10543657331136738	0.08490566037735849	0.08490566037735849	False	KL23	KL143	virulent	prophage	False	prophage-virulent	0.32811999999999997
1248_57	1251_37	0.001	30.556	35.4	704	78	148	677	63	129	0.10085227272727272	0.09896602658788774	0.09896602658788774	False	KL23	KL28	prophage	prophage	False	prophage-prophage	0.30556
APZ82848_1_K5	BBF66867_1_KN3	0.001	35.938	35.4	684	5	68	792	267	326	0.0935672514619883	0.07575757575757576	0.07575757575757576	False	KL5	KN3	virulent	virulent	False	virulent-virulent	0.35938000000000003
APZ82848_1_K5	AOZ65519_1_K57	0.001	34.211	35.4	684	1	71	843	263	338	0.10380116959064327	0.09015421115065243	0.09015421115065243	False	KL5	KL57	virulent	virulent	False	virulent-virulent	0.34210999999999997
APZ82804_1_K30/K69	REC_028_PROTEIN_295_KL51	0.001	47.059	35.4	792	267	316	809	95	140	0.06313131313131314	0.05686032138442522	0.05686032138442522	False	KL30/K69	KL51	virulent	virulent	False	virulent-virulent	0.47058999999999995
BBF66867_1_KN3	1231_45	0.001	24.686	35.4	792	294	524	602	93	284	0.2916666666666667	0.31893687707641194	0.2916666666666667	False	KN3	KL169	virulent	prophage_notproduced	False	prophage_notproduced	0.24686
YP_009153203_1_K30/K69	1631_52	0.001	46.667	35.4	767	250	291	822	244	288	0.054758800521512385	0.05474452554744526	0.05474452554744526	False	KL30/K69	KL10	virulent	prophage_notproduced	False	prophage_notproduced	0.46667000000000003
914_74	1251_37	0.001	30.556	35.4	666	78	148	677	63	129	0.1066066066066066	0.09896602658788774	0.09896602658788774	False	KL62	KL28	prophage	prophage	False	prophage-prophage	0.30556
1096_14	YP_009226011_1_K63	0.000817	24.752	35.4	499	1	101	883	1	99	0.20240480961923848	0.11211778029445074	0.11211778029445074	False	KL64	KL63	prophage_notproduced	virulent	False	prophage_notproduced	0.24752
KPN_B4_PHAGE180_M_PROTEIN_15	1091_44	0.001	38.298	35.4	707	117	163	880	202	248	0.06647807637906648	0.053409090909090906	0.053409090909090906	False	KL24	KL64	prediction	prophage	False	prediction	0.38298000000000004
1251_37	UPW42650_1_K2	0.001	26.667	35.4	677	125	244	763	198	309	0.17725258493353027	0.14678899082568808	0.14678899082568808	False	KL28	KL2	prophage	virulent	False	prophage-virulent	0.26667
1251_37	321_71	0.001	30.556	35.4	677	63	129	690	78	148	0.09896602658788774	0.10289855072463767	0.09896602658788774	False	KL28	KL127	prophage	prophage_notproduced	False	prophage_notproduced	0.30556
391_03	KPN_B20_PHAGE487_M_PROTEIN_8	0.001	30.864	35.4	736	149	227	880	204	280	0.10733695652173914	0.0875	0.0875	False	KL3	KL64	prophage	prediction	False	prediction	0.30864
1096_14	UPW42726_1_K2	0.001	24.752	35.0	499	1	101	907	1	99	0.20240480961923848	0.10915104740904079	0.10915104740904079	False	KL64	KL2	prophage_notproduced	virulent	False	prophage_notproduced	0.24752
391_03	1091_44	0.001	30.864	35.0	736	149	227	880	204	280	0.10733695652173914	0.0875	0.0875	False	KL3	KL64	prophage	prophage	False	prophage-prophage	0.30864
KPN_B4_PHAGE180_M_PROTEIN_15	KPN_B20_PHAGE487_M_PROTEIN_8	0.001	38.298	35.0	707	117	163	880	202	248	0.06647807637906648	0.053409090909090906	0.053409090909090906	False	KL24	KL64	prediction	prediction	False	other	0.38298000000000004
1723_62	APZ82768_1_K13/K2	0.001	26.415	35.0	629	210	307	577	195	300	0.15580286168521462	0.18370883882149047	0.15580286168521462	False	KL60	KL13/K2	prophage_notproduced	virulent	False	prophage_notproduced	0.26415
914_74	876_57	0.001	29.73	35.0	666	78	148	850	228	296	0.1066066066066066	0.0811764705882353	0.0811764705882353	False	KL62	KL28	prophage	prophage_notproduced	False	prophage_notproduced	0.2973
1668_49	738_68	0.001	31.183	35.0	702	46	131	742	78	170	0.1225071225071225	0.12533692722371967	0.1225071225071225	False	KL2	KL143	prophage_notproduced	prophage	False	prophage_notproduced	0.31183
409_46	914_74	0.001	29.348	35.0	619	77	168	666	135	212	0.14862681744749595	0.11711711711711711	0.11711711711711711	False	KL153	KL62	prophage_notproduced	prophage	False	prophage_notproduced	0.29347999999999996
QOI68577_1_K23	KPN_B14_PHAGE135_M_PROTEIN_36	0.001	30.588	34.7	555	11	95	870	334	406	0.15315315315315314	0.0839080459770115	0.0839080459770115	False	KL23	KL30	virulent	prediction	False	prediction	0.30588
1096_14	QTP95996_1_K13/K2	0.001	24.752	34.7	499	1	101	907	1	99	0.20240480961923848	0.10915104740904079	0.10915104740904079	False	KL64	KL13/K2	prophage_notproduced	virulent	False	prophage_notproduced	0.24752
1096_14	YP_009820105_1_K2	0.001	24.752	34.7	499	1	101	907	1	99	0.20240480961923848	0.10915104740904079	0.10915104740904079	False	KL64	KL2	prophage_notproduced	virulent	False	prophage_notproduced	0.24752
